"Variable","mean","median","variance","stdev"
"Weighted.Average",300.38,295.94,3014.98,54.91
"Steers.Weighted.Average.Weight",1333.86,1334.03,993.47,31.52
"Steers.Weighted.Average.Price",148.78,145.49,477.75,21.86
"Steers.Weighted.Average.Quality",2.56,2.55,0.02,0.15
"Heifers.Weighted.Average.Weight",1214.38,1215.78,1268.24,35.61
"Heifers.Weighted.Average.Price",147.67,144.53,474.42,21.78
"Heifers.Weighted.Average.Quality",2.64,2.63,0.03,0.18
"Cows.Weighted.Average.Weight",1168.27,1169.57,1536.51,39.2
"Cows.Weighted.Average.Price",84.22,78.2,497.96,22.31
"Cows.Weighted.Average.Quality",2.18,2.18,0.01,0.09
"Bulls.Weighted.Average.Weight",1613.02,1611.89,1757.94,41.93
"Bulls.Weighted.Average.Price",108.79,101.33,563.27,23.73
"Bulls.Weighted.Average.Quality",1.27,1.27,0,0.07
"Feeder.Weighted.Average.Weight",679.35,679.55,1496.88,38.69
"Feeder.Weighted.Average.Price",189.75,183.05,1628.75,40.36
"Corn.Price",267.45,240.51,4944.66,70.32
"cpi",225.45,229.63,492.15,22.18
"pork",4.7,4.7,0.14,0.37
"chicken",1.8,1.79,0.01,0.09
"expenditures",52227.34,50659.1,12945460.19,3597.98
