Location,Report Date,Class Description,Selling Basis Description,Grade Description,Head Count,Weight Range Low,Weight Range High,Weighted Average,Price Low,Price High,Average Price,Comments,Pricing Point
"Dunlap Wtd Avg Slaughter Cattle, IA",4/27/2019,Slaughter Holstein Steers,Live,Select and Choice 2 3,5,1300,1500,1417,84,84,84,,
"Dunlap Wtd Avg Slaughter Cattle, IA",4/27/2019,Slaughter Holstein Steers,Live,Select 2 3,1,1300,1500,1440,70,70,70,,
Location,Report Date,Class Description,Selling Basis Description,Grade Description,Head Count,Weight Range Low,Weight Range High,Weighted Average,Price Low,Price High,Average Price,Comments,Pricing Point
"Sheldon Slaughter Cattle, IA",1/12/2019,Slaughter Holstein Steers,Live,Select 2 3,6,1300,1500,1315.33,70,73,71.98,,
"Sheldon Slaughter Cattle, IA",1/12/2019,Slaughter Holstein Steers,Live,Select 1 2,10,1000,1100,1061.6,60,65,62.27,,
"Sheldon Slaughter Cattle, IA",1/12/2019,Slaughter Holstein Steers,Live,Choice 2 3,11,1100,1300,1214.45,81,86,83.27,,
"Sheldon Slaughter Cattle, IA",1/12/2019,Slaughter Holstein Steers,Live,Choice 2 3,2,1500,1850,1578,90,90,90,Value Added,
"Sheldon Slaughter Cattle, IA",1/12/2019,Slaughter Holstein Steers,Live,Select 2 3,6,1100,1300,1225.83,73,75,73.86,,
"Sheldon Slaughter Cattle, IA",1/12/2019,Slaughter Holstein Steers,Live,Choice 2 3,24,1300,1500,1410.79,88,104,96.14,Value Added,
"Sheldon Slaughter Cattle, IA",1/12/2019,Slaughter Holstein Steers,Live,Choice 2 3,28,1300,1500,1446.14,81,84.25,83.09,,
"Sheldon Slaughter Cattle, IA",1/12/2019,Slaughter Holstein Steers,Live,Select and Choice 2 3,4,1300,1500,1304,78,78,78,,
"Sheldon Slaughter Cattle, IA",1/12/2019,Slaughter Holstein Steers,Live,Select and Choice 2 3,12,1100,1300,1235.17,76,77,76.17,,
"Sheldon Slaughter Cattle, IA",1/12/2019,Slaughter Holstein Steers,Live,Choice 2 3,23,1500,1850,1659.74,82.5,85.5,83.63,,
"Sheldon Slaughter Cattle, IA",1/26/2019,Slaughter Holstein Steers,Live,Select 2 3,58,1100,1300,1215.97,82,84,82.09,,
"Sheldon Slaughter Cattle, IA",1/26/2019,Slaughter Holstein Steers,Live,Select 1 2,1,1100,1200,1170,62,62,62,,
"Sheldon Slaughter Cattle, IA",1/26/2019,Slaughter Holstein Steers,Live,Select 1 2,4,1000,1100,1005,65,65,65,,
"Sheldon Slaughter Cattle, IA",1/26/2019,Slaughter Holstein Steers,Live,Select 1 2,1,1200,1300,1200,69,69,69,,
"Sheldon Slaughter Cattle, IA",1/26/2019,Slaughter Holstein Steers,Live,Choice 2 3,13,1500,1850,1535.85,92,95.5,94.68,,
"Sheldon Slaughter Cattle, IA",1/26/2019,Slaughter Holstein Steers,Live,Choice 2 3,8,1500,1850,1595.5,96,96,96,Value Added,
"Sheldon Slaughter Cattle, IA",1/26/2019,Slaughter Holstein Steers,Live,Choice 2 3,11,1100,1300,1240.36,91,95,94.09,,
"Sheldon Slaughter Cattle, IA",1/26/2019,Slaughter Holstein Steers,Live,Select and Choice 2 3,1,1300,1500,1345,85,85,85,,
"Sheldon Slaughter Cattle, IA",1/26/2019,Slaughter Holstein Steers,Live,Choice 2 3,13,1300,1500,1394.08,96,97,96.39,Value Added,
"Sheldon Slaughter Cattle, IA",1/26/2019,Slaughter Holstein Steers,Live,Choice 2 3,34,1300,1500,1409.29,92,95,93.26,,
"Sheldon Slaughter Cattle, IA",2/16/2019,Slaughter Holstein Steers,Live,Select 2 3,4,1100,1300,1261.5,83,83,83,,
"Sheldon Slaughter Cattle, IA",2/16/2019,Slaughter Holstein Steers,Live,Select 1 2,11,1100,1200,1154.36,74,75,74.81,,
"Sheldon Slaughter Cattle, IA",2/16/2019,Slaughter Holstein Steers,Live,Choice 2 3,29,1300,1500,1422.97,96,102,98.38,Value Added,
"Sheldon Slaughter Cattle, IA",2/16/2019,Slaughter Holstein Steers,Live,Choice 2 3,53,1300,1500,1437.57,90,95.5,94.22,,
"Sheldon Slaughter Cattle, IA",2/16/2019,Slaughter Holstein Steers,Live,Choice 2 3,21,1500,1850,1589.14,93,95.75,94.2,,
"Sheldon Slaughter Cattle, IA",2/16/2019,Slaughter Holstein Steers,Live,Choice 2 3,26,1500,1850,1573.12,96,100,96.96,Value Added,
"Sheldon Slaughter Cattle, IA",2/16/2019,Slaughter Holstein Steers,Live,Choice 2 3,19,1100,1300,1252.16,90,95.5,93.5,,
"Sheldon Slaughter Cattle, IA",2/16/2019,Slaughter Holstein Steers,Live,Select and Choice 2 3,6,1500,1850,1611.67,85,87,86.69,,
"Sheldon Slaughter Cattle, IA",2/23/2019,Slaughter Holstein Steers,Live,Select 1 2,7,1200,1300,1239,74,74,74,,
"Sheldon Slaughter Cattle, IA",2/23/2019,Slaughter Holstein Steers,Live,Select and Choice 2 3,9,1300,1500,1400.78,85,87,86.78,,
"Sheldon Slaughter Cattle, IA",2/23/2019,Slaughter Holstein Steers,Live,Select 1 2,7,1100,1200,1191,70,70,70,,
"Sheldon Slaughter Cattle, IA",2/23/2019,Slaughter Holstein Steers,Live,Choice 2 3,4,1500,1850,1682.5,95,98,96.01,Value Added,
"Sheldon Slaughter Cattle, IA",2/23/2019,Slaughter Holstein Steers,Live,Choice 2 3,43,1500,1850,1532.6,92,93.5,92.29,,
"Sheldon Slaughter Cattle, IA",2/23/2019,Slaughter Holstein Steers,Live,Choice 2 3,16,1300,1500,1373.63,98.5,101,99.72,Value Added,
"Sheldon Slaughter Cattle, IA",2/23/2019,Slaughter Holstein Steers,Live,Choice 2 3,54,1300,1500,1419.7,90,95,92.49,,
"Sheldon Slaughter Cattle, IA",2/23/2019,Slaughter Holstein Steers,Live,Select 2 3,7,1100,1300,1211.14,82,83,82.58,,
"Sheldon Slaughter Cattle, IA",2/23/2019,Slaughter Holstein Steers,Live,Select and Choice 2 3,2,1100,1300,1142.5,85,86,85.5,,
"Sheldon Slaughter Cattle, IA",2/23/2019,Slaughter Holstein Steers,Live,Choice 2 3,6,1100,1300,1235.17,91,95,92.24,,
"Sheldon Slaughter Cattle, IA",2/23/2019,Slaughter Holstein Steers,Live,Choice 2 3,6,1100,1300,1258.67,96,100,98.68,Value Added,
"Sheldon Slaughter Cattle, IA",3/2/2019,Slaughter Holstein Steers,Live,Choice 2 3,14,1500,1850,1566.86,95,98,95.57,,
"Sheldon Slaughter Cattle, IA",3/2/2019,Slaughter Holstein Steers,Live,Choice 2 3,9,1500,1850,1523.78,102,105,103.87,Value Added,
"Sheldon Slaughter Cattle, IA",3/2/2019,Slaughter Holstein Steers,Live,Select and Choice 2 3,2,1500,1850,1697.5,88,88,88,,
"Sheldon Slaughter Cattle, IA",3/2/2019,Slaughter Holstein Steers,Live,Select and Choice 2 3,23,1100,1300,1185.04,87,89.5,88.78,,
"Sheldon Slaughter Cattle, IA",3/2/2019,Slaughter Holstein Steers,Live,Select and Choice 2 3,7,1300,1500,1425.29,86,89.5,87.51,,
"Sheldon Slaughter Cattle, IA",3/2/2019,Slaughter Holstein Steers,Live,Select 2 3,2,1100,1300,1175,84,84,84,,
"Sheldon Slaughter Cattle, IA",3/2/2019,Slaughter Holstein Steers,Live,Select 1 2,11,1200,1300,1209.91,70,77,75.15,,
"Sheldon Slaughter Cattle, IA",3/2/2019,Slaughter Holstein Steers,Live,Select 1 2,3,1100,1200,1150,71,71,71,,
"Sheldon Slaughter Cattle, IA",3/2/2019,Slaughter Holstein Steers,Live,Choice 2 3,35,1300,1500,1419.03,100,105,101.3,Value Added,
"Sheldon Slaughter Cattle, IA",3/2/2019,Slaughter Holstein Steers,Live,Choice 2 3,38,1300,1500,1425.13,93.5,99,96.01,,
"Sheldon Slaughter Cattle, IA",3/2/2019,Slaughter Holstein Steers,Live,Choice 2 3,7,1100,1300,1211.57,90,95.5,94.29,,
"Sheldon Slaughter Cattle, IA",3/2/2019,Slaughter Holstein Steers,Live,Choice 2 3,18,1100,1300,1265.44,95.5,99,98.14,Value Added,
"Sheldon Slaughter Cattle, IA",3/16/2019,Slaughter Holstein Steers,Live,Choice 2 3,4,1100,1300,1266,87,88,87.75,,
"Sheldon Slaughter Cattle, IA",3/16/2019,Slaughter Holstein Steers,Live,Choice 2 3,10,1500,1850,1541.6,90.5,98,92.52,Value Added,
"Sheldon Slaughter Cattle, IA",3/16/2019,Slaughter Holstein Steers,Live,Choice 2 3,17,1300,1500,1419.53,90.5,98,91.58,Value Added,
"Sheldon Slaughter Cattle, IA",3/16/2019,Slaughter Holstein Steers,Live,Choice 2 3,17,1300,1500,1387,86,89,87.57,,
"Sheldon Slaughter Cattle, IA",3/16/2019,Slaughter Holstein Steers,Live,Select 1 2,5,1100,1200,1121.4,60,61,60.21,,
"Sheldon Slaughter Cattle, IA",3/16/2019,Slaughter Holstein Steers,Live,Select 2 3,1,1300,1500,1370,72,72,72,,
"Sheldon Slaughter Cattle, IA",3/16/2019,Slaughter Holstein Steers,Live,Select 2 3,16,1100,1300,1253.69,71,79,78.03,,
"Sheldon Slaughter Cattle, IA",3/16/2019,Slaughter Holstein Steers,Live,Choice 2 3,11,1500,1850,1551.82,88,89.5,89.18,,
"Sheldon Slaughter Cattle, IA",3/16/2019,Slaughter Holstein Steers,Live,Select and Choice 2 3,28,1100,1300,1277.36,80,83,80.6,,
"Sheldon Slaughter Cattle, IA",3/16/2019,Slaughter Holstein Steers,Live,Select and Choice 2 3,2,1500,1850,1570,85,85,85,,
"Sheldon Slaughter Cattle, IA",3/16/2019,Slaughter Holstein Steers,Live,Select and Choice 2 3,22,1300,1500,1430.36,81.5,85,83.75,,
"Sheldon Slaughter Cattle, IA",3/16/2019,Slaughter Holstein Steers,Live,Select 1 2,1,1000,1100,1055,60.5,60.5,60.5,,
"Sheldon Slaughter Cattle, IA",3/23/2019,Slaughter Holstein Steers,Live,Select 1 2,2,1000,1100,1032.5,62,65,63.5,,
"Sheldon Slaughter Cattle, IA",3/23/2019,Slaughter Holstein Steers,Live,Select 1 2,3,1100,1200,1163.33,63,66,64.32,,
"Sheldon Slaughter Cattle, IA",3/23/2019,Slaughter Holstein Steers,Live,Choice 2 3,30,1500,1850,1517.5,92,98,93.84,,
"Sheldon Slaughter Cattle, IA",3/23/2019,Slaughter Holstein Steers,Live,Choice 2 3,17,1300,1500,1365.12,100,105,103.38,Value Added,
"Sheldon Slaughter Cattle, IA",3/23/2019,Slaughter Holstein Steers,Live,Choice 2 3,80,1300,1500,1421.99,91,99,93.69,,
"Sheldon Slaughter Cattle, IA",3/23/2019,Slaughter Holstein Steers,Live,Choice 2 3,14,1100,1300,1161.21,100,106,104.86,Value Added,
"Sheldon Slaughter Cattle, IA",3/23/2019,Slaughter Holstein Steers,Live,Choice 2 3,42,1100,1300,1206.26,90,98,93.23,,
"Sheldon Slaughter Cattle, IA",3/23/2019,Slaughter Holstein Steers,Live,Select and Choice 2 3,41,1500,1850,1568.41,80,89,85.36,,
"Sheldon Slaughter Cattle, IA",3/23/2019,Slaughter Holstein Steers,Live,Select 1 2,10,1200,1300,1223.3,60,69,62.9,,
"Sheldon Slaughter Cattle, IA",3/23/2019,Slaughter Holstein Steers,Live,Select 2 3,17,1300,1500,1382.41,75,79,77.5,,
"Sheldon Slaughter Cattle, IA",3/23/2019,Slaughter Holstein Steers,Live,Select 2 3,9,1100,1300,1231.67,75,77,76.25,,
"Sheldon Slaughter Cattle, IA",3/23/2019,Slaughter Holstein Steers,Live,Select and Choice 2 3,14,1100,1300,1198.57,82,89,85.97,,
"Sheldon Slaughter Cattle, IA",3/23/2019,Slaughter Holstein Steers,Live,Select and Choice 2 3,23,1300,1500,1422.74,82,88.5,85.33,,
"Sheldon Slaughter Cattle, IA",3/30/2019,Slaughter Holstein Steers,Live,Choice 2 3,3,1500,1850,1608,98.5,98.5,98.5,Value Added,
"Sheldon Slaughter Cattle, IA",3/30/2019,Slaughter Holstein Steers,Live,Choice 2 3,13,1500,1850,1578.62,91,92,91.47,,
"Sheldon Slaughter Cattle, IA",3/30/2019,Slaughter Holstein Steers,Live,Choice 2 3,45,1300,1500,1408.58,90,92,90.73,,
"Sheldon Slaughter Cattle, IA",3/30/2019,Slaughter Holstein Steers,Live,Choice 2 3,2,1300,1500,1390,97,104,100.61,Value Added,
"Sheldon Slaughter Cattle, IA",3/30/2019,Slaughter Holstein Steers,Live,Choice 2 3,1,1100,1300,1275,94,94,94,,
"Sheldon Slaughter Cattle, IA",3/30/2019,Slaughter Holstein Steers,Live,Choice 2 3,5,1100,1300,1172,98,103,99.09,Value Added,
"Sheldon Slaughter Cattle, IA",3/30/2019,Slaughter Holstein Steers,Live,Select and Choice 2 3,1,1500,1850,1610,89,89,89,,
"Sheldon Slaughter Cattle, IA",3/30/2019,Slaughter Holstein Steers,Live,Select 1 2,7,1100,1200,1160.86,64,69,65.43,,
"Sheldon Slaughter Cattle, IA",3/30/2019,Slaughter Holstein Steers,Live,Select 1 2,3,1200,1300,1218,69,69,69,,
"Sheldon Slaughter Cattle, IA",3/30/2019,Slaughter Holstein Steers,Live,Select 2 3,12,1100,1300,1125,70,78,75.07,,
"Sheldon Slaughter Cattle, IA",3/30/2019,Slaughter Holstein Steers,Live,Select and Choice 2 3,13,1100,1300,1214.54,82,88,84.13,,
"Sheldon Slaughter Cattle, IA",3/30/2019,Slaughter Holstein Steers,Live,Select and Choice 2 3,66,1300,1500,1404.47,87,89,88.07,,
"Sheldon Slaughter Cattle, IA",3/30/2019,Slaughter Holstein Steers,Live,Select 1 2,4,1000,1100,1012.75,62.5,65,63.13,,
"Sheldon Slaughter Cattle, IA",4/20/2019,Slaughter Holstein Steers,Live,Choice 2 3,10,1100,1300,1270.1,92,93,92.09,,
"Sheldon Slaughter Cattle, IA",4/20/2019,Slaughter Holstein Steers,Live,Choice 2 3,12,1100,1300,1205.75,96,104,98.61,Value Added,
"Sheldon Slaughter Cattle, IA",4/20/2019,Slaughter Holstein Steers,Live,Choice 2 3,68,1300,1500,1387.37,91,95.5,93.53,,
"Sheldon Slaughter Cattle, IA",4/20/2019,Slaughter Holstein Steers,Live,Choice 2 3,32,1300,1500,1377.41,96,104,98.1,Value Added,
"Sheldon Slaughter Cattle, IA",4/20/2019,Slaughter Holstein Steers,Live,Choice 2 3,8,1500,1850,1577.88,90,95,90.61,,
"Sheldon Slaughter Cattle, IA",4/20/2019,Slaughter Holstein Steers,Live,Choice 2 3,2,1500,1850,1542.5,96,101,98.5,Value Added,
"Sheldon Slaughter Cattle, IA",4/20/2019,Slaughter Holstein Steers,Live,Select and Choice 2 3,46,1300,1500,1387.2,82,89,87.03,,
"Sheldon Slaughter Cattle, IA",4/20/2019,Slaughter Holstein Steers,Live,Select and Choice 2 3,4,1100,1300,1291.25,88,89,88.75,,
"Sheldon Slaughter Cattle, IA",4/20/2019,Slaughter Holstein Steers,Live,Select and Choice 2 3,13,1500,1850,1537.31,85,88,87.45,,
"Sheldon Slaughter Cattle, IA",4/27/2019,Slaughter Holstein Steers,Live,Select and Choice 2 3,81,1300,1500,1377.41,91,99,97.16,,
"Sheldon Slaughter Cattle, IA",4/27/2019,Slaughter Holstein Steers,Live,Select and Choice 2 3,25,1500,1850,1565.44,90,99,94.44,,
"Sheldon Slaughter Cattle, IA",4/27/2019,Slaughter Holstein Steers,Live,Select 1 2,7,1100,1200,1123,78,78,78,,
"Sheldon Slaughter Cattle, IA",4/27/2019,Slaughter Holstein Steers,Live,Choice 2 3,1,1100,1300,1290,107,107,107,,
"Sheldon Slaughter Cattle, IA",4/27/2019,Slaughter Holstein Steers,Live,Choice 2 3,4,1100,1300,1282.5,110,110,110,Value Added,
"Sheldon Slaughter Cattle, IA",4/27/2019,Slaughter Holstein Steers,Live,Choice 2 3,28,1300,1500,1385.75,100,107,102.59,,
"Sheldon Slaughter Cattle, IA",4/27/2019,Slaughter Holstein Steers,Live,Select 2 3,2,1300,1500,1430,82,83,82.51,,
"Sheldon Slaughter Cattle, IA",4/27/2019,Slaughter Holstein Steers,Live,Choice 2 3,47,1500,1850,1571.32,109,112,109.51,Value Added,
"Sheldon Slaughter Cattle, IA",4/27/2019,Slaughter Holstein Steers,Live,Choice 2 3,4,1500,1850,1633.5,103,106,105.3,,
"Sheldon Slaughter Cattle, IA",4/27/2019,Slaughter Holstein Steers,Live,Choice 2 3,13,1300,1500,1371.15,108,112,110.92,Value Added,
"Sheldon Slaughter Cattle, IA",4/27/2019,Slaughter Holstein Steers,Live,Select and Choice 2 3,10,1100,1300,1261.2,92,95,92.31,,
"Sheldon Slaughter Cattle, IA",5/4/2019,Slaughter Holstein Steers,Live,Select and Choice 2 3,50,1100,1300,1239.08,81,89,87.92,,
"Sheldon Slaughter Cattle, IA",5/4/2019,Slaughter Holstein Steers,Live,Select and Choice 2 3,22,1500,1850,1578.05,84,89,87.86,,
"Sheldon Slaughter Cattle, IA",5/4/2019,Slaughter Holstein Steers,Live,Select and Choice 2 3,87,1300,1500,1407.82,81,89.85,88,,
"Sheldon Slaughter Cattle, IA",5/4/2019,Slaughter Holstein Steers,Live,Choice 2 3,10,1500,1850,1519,90,97,91.4,,
"Sheldon Slaughter Cattle, IA",5/4/2019,Slaughter Holstein Steers,Live,Choice 2 3,20,1100,1300,1267.2,101,106,103.64,Value Added,
"Sheldon Slaughter Cattle, IA",5/4/2019,Slaughter Holstein Steers,Live,Choice 2 3,27,1100,1300,1164.59,90,92,91.13,,
"Sheldon Slaughter Cattle, IA",5/4/2019,Slaughter Holstein Steers,Live,Choice 2 3,39,1300,1500,1392.36,90,95,91.62,,
"Sheldon Slaughter Cattle, IA",5/4/2019,Slaughter Holstein Steers,Live,Choice 2 3,34,1300,1500,1420,102,110,107.1,Value Added,
"Sheldon Slaughter Cattle, IA",5/18/2019,Slaughter Holstein Steers,Live,Choice 2 3,2,1300,1500,1338,92,92,92,Value Added,
"Sheldon Slaughter Cattle, IA",5/18/2019,Slaughter Holstein Steers,Live,Select and Choice 2 3,39,1300,1500,1346.49,80,84.5,83.05,,
"Sheldon Slaughter Cattle, IA",5/18/2019,Slaughter Holstein Steers,Live,Select and Choice 2 3,1,1500,1850,1565,80,80,80,,
"Sheldon Slaughter Cattle, IA",5/18/2019,Slaughter Holstein Steers,Live,Choice 2 3,53,1300,1500,1370.47,85,89,86.4,,
"Sheldon Slaughter Cattle, IA",5/18/2019,Slaughter Holstein Steers,Live,Choice 2 3,20,1500,1850,1599.4,90,96,91.28,Value Added,
"Sheldon Slaughter Cattle, IA",5/18/2019,Slaughter Holstein Steers,Live,Choice 2 3,18,1500,1850,1609.17,86,89.75,88.96,,
"Sheldon Slaughter Cattle, IA",5/18/2019,Slaughter Holstein Steers,Live,Choice 2 3,6,1100,1300,1207.5,85.5,87,85.75,,
"Sheldon Slaughter Cattle, IA",5/18/2019,Slaughter Holstein Steers,Live,Select and Choice 2 3,11,1100,1300,1261.18,80,83,81.46,,
"Sheldon Slaughter Cattle, IA",5/25/2019,Slaughter Holstein Steers,Live,Select and Choice 2 3,15,1500,1850,1563.07,80,84,83.38,,
"Sheldon Slaughter Cattle, IA",5/25/2019,Slaughter Holstein Steers,Live,Select and Choice 2 3,32,1100,1300,1223.53,80,83,81.78,,
"Sheldon Slaughter Cattle, IA",5/25/2019,Slaughter Holstein Steers,Live,Select 2 3,8,1300,1500,1445.25,75,79.5,78.56,,
"Sheldon Slaughter Cattle, IA",5/25/2019,Slaughter Holstein Steers,Live,Select 2 3,2,1100,1300,1225,76,77,76.49,,
"Sheldon Slaughter Cattle, IA",5/25/2019,Slaughter Holstein Steers,Live,Select and Choice 2 3,34,1300,1500,1389.06,80,84.75,82.82,,
"Sheldon Slaughter Cattle, IA",5/25/2019,Slaughter Holstein Steers,Live,Select 1 2,6,1000,1100,1031.67,65,69,68.34,,
"Sheldon Slaughter Cattle, IA",5/25/2019,Slaughter Holstein Steers,Live,Choice 2 3,22,1300,1500,1434.18,85,87,85.27,,
"Sheldon Slaughter Cattle, IA",5/25/2019,Slaughter Holstein Steers,Live,Choice 2 3,9,1500,1850,1601.22,94,96,94.64,Value Added,
"Sheldon Slaughter Cattle, IA",5/25/2019,Slaughter Holstein Steers,Live,Choice 2 3,12,1500,1850,1575,84.5,87,85.4,,
"Sheldon Slaughter Cattle, IA",5/25/2019,Slaughter Holstein Steers,Live,Select 1 2,3,1200,1300,1215,66,66,66,,
"Sheldon Slaughter Cattle, IA",5/25/2019,Slaughter Holstein Steers,Live,Choice 2 3,14,1300,1500,1390.57,89,92,90.27,Value Added,
"Sheldon Slaughter Cattle, IA",6/1/2019,Slaughter Holstein Steers,Live,Choice 2 3,12,1300,1500,1352,92,99,92.95,Value Added,
"Sheldon Slaughter Cattle, IA",6/1/2019,Slaughter Holstein Steers,Live,Choice 2 3,4,1300,1500,1317.5,86,89,87.49,,
"Sheldon Slaughter Cattle, IA",6/1/2019,Slaughter Holstein Steers,Live,Choice 2 3,6,1100,1300,1265,86,86,86,,
"Sheldon Slaughter Cattle, IA",6/1/2019,Slaughter Holstein Steers,Live,Choice 2 3,2,1100,1300,1210,91,93,92.03,Value Added,
"Sheldon Slaughter Cattle, IA",6/1/2019,Slaughter Holstein Steers,Live,Choice 2 3,15,1500,1850,1539.2,86,87.5,86.91,,
"Sheldon Slaughter Cattle, IA",6/1/2019,Slaughter Holstein Steers,Live,Select and Choice 2 3,75,1300,1500,1393,80,85.75,82.28,,
"Sheldon Slaughter Cattle, IA",6/1/2019,Slaughter Holstein Steers,Live,Select and Choice 2 3,19,1100,1300,1281.95,81,82,81.9,,
"Sheldon Slaughter Cattle, IA",6/1/2019,Slaughter Holstein Steers,Live,Select and Choice 2 3,27,1500,1850,1545.22,82,85.5,84.82,,
"Sheldon Slaughter Cattle, IA",6/1/2019,Slaughter Holstein Steers,Live,Select 2 3,9,1100,1300,1228.89,74,79,76.74,,
"Sheldon Slaughter Cattle, IA",6/1/2019,Slaughter Holstein Steers,Live,Select 1 2,6,1000,1100,1022.5,65,69,66.98,,
"Sheldon Slaughter Cattle, IA",6/1/2019,Slaughter Holstein Steers,Live,Select 1 2,9,1100,1200,1141.56,60,68,66.86,,
"Sheldon Slaughter Cattle, IA",6/1/2019,Slaughter Holstein Steers,Live,Select 1 2,3,1200,1300,1275,62,62,62,,
Location,Report Date,Class Description,Selling Basis Description,Grade Description,Head Count,Weight Range Low,Weight Range High,Weighted Average,Price Low,Price High,Average Price,Comments,Pricing Point
"Tama Slaughter, IA",1/5/2019,Slaughter Holstein Steers,Live,Select 2 3,5,1300,1500,1363,66,70,68.4,,
"Tama Slaughter, IA",1/5/2019,Slaughter Holstein Steers,Live,Select 2 3,1,1100,1300,1250,65,65,65,,
"Tama Slaughter, IA",1/5/2019,Slaughter Holstein Steers,Live,Select and Choice 2 3,2,1300,1500,1498,80,80,80,,
"Tama Slaughter, IA",1/12/2019,Slaughter Holstein Steers,Live,Choice 2 3,1,1100,1300,1240,86,86,86,,
"Tama Slaughter, IA",1/12/2019,Slaughter Holstein Steers,Live,Choice 2 3,1,1300,1500,1445,83,83,83,,
"Tama Slaughter, IA",1/12/2019,Slaughter Holstein Steers,Live,Select 2 3,2,1300,1500,1410,64,67,65.59,,
"Tama Slaughter, IA",1/12/2019,Slaughter Holstein Steers,Live,Select 2 3,1,1100,1300,1265,60,60,60,,
"Tama Slaughter, IA",1/12/2019,Slaughter Holstein Steers,Live,Select and Choice 2 3,2,1300,1500,1385,75,77,75.99,,
"Tama Slaughter, IA",3/2/2019,Slaughter Holstein Steers,Live,Select and Choice 2 3,1,1500,1850,1640,80,80,80,,
"Tama Slaughter, IA",3/2/2019,Slaughter Holstein Steers,Live,Select 2 3,2,1300,1500,1332.5,62.5,64,63.24,,
"Tama Slaughter, IA",3/2/2019,Slaughter Holstein Steers,Live,Select and Choice 2 3,6,1300,1500,1410.83,74,80,78.47,,
"Tama Slaughter, IA",3/9/2019,Slaughter Holstein Steers,Live,Choice 2 3,3,1300,1500,1437,86,86,86,,
"Tama Slaughter, IA",3/9/2019,Slaughter Holstein Steers,Live,Choice 2 3,4,1500,1850,1529.75,84,85,84.74,,
"Tama Slaughter, IA",3/9/2019,Slaughter Holstein Steers,Live,Select and Choice 2 3,1,1300,1500,1425,79,79,79,,
"Tama Slaughter, IA",3/9/2019,Slaughter Holstein Steers,Live,Select and Choice 2 3,1,1100,1300,1185,80,80,80,,
"Tama Slaughter, IA",3/16/2019,Slaughter Holstein Steers,Live,Choice 2 3,4,1300,1500,1322.5,82.5,83,82.63,,
"Tama Slaughter, IA",3/16/2019,Slaughter Holstein Steers,Live,Select 2 3,5,1300,1500,1425,62.5,72.5,66.39,,
"Tama Slaughter, IA",3/16/2019,Slaughter Holstein Steers,Live,Select and Choice 2 3,3,1500,1850,1591.67,80,80,80,,
"Tama Slaughter, IA",3/16/2019,Slaughter Holstein Steers,Live,Select and Choice 2 3,3,1300,1500,1426.67,75,77,75.65,,
"Tama Slaughter, IA",3/23/2019,Slaughter Holstein Steers,Live,Choice 2 3,5,1300,1500,1389,82,86,83.73,,
"Tama Slaughter, IA",3/23/2019,Slaughter Holstein Steers,Live,Select and Choice 2 3,1,1100,1300,1240,75,75,75,,
"Tama Slaughter, IA",3/23/2019,Slaughter Holstein Steers,Live,Select and Choice 2 3,4,1500,1850,1582.5,80,80.5,80.13,,
"Tama Slaughter, IA",3/23/2019,Slaughter Holstein Steers,Live,Select and Choice 2 3,2,1300,1500,1435,78.5,78.5,78.5,,
"Tama Slaughter, IA",3/23/2019,Slaughter Holstein Steers,Live,Choice 2 3,1,1100,1300,1250,84,84,84,,
"Tama Slaughter, IA",4/13/2019,Slaughter Holstein Steers,Live,Choice 2 3,3,1300,1500,1340,86,86,86,,
"Tama Slaughter, IA",4/13/2019,Slaughter Holstein Steers,Live,Choice 2 3,1,1500,1850,1510,88,88,88,,
"Tama Slaughter, IA",4/13/2019,Slaughter Holstein Steers,Live,Select 2 3,2,1100,1300,1195,61,70,65.16,,
"Tama Slaughter, IA",4/13/2019,Slaughter Holstein Steers,Live,Select and Choice 2 3,1,1100,1300,1255,80,80,80,,
"Tama Slaughter, IA",4/13/2019,Slaughter Holstein Steers,Live,Select and Choice 2 3,4,1300,1500,1352.75,80,82.5,80.67,,
"Tama Slaughter, IA",4/20/2019,Slaughter Holstein Steers,Live,Choice 2 3,5,1500,1850,1616.2,82.5,90,85.37,,
"Tama Slaughter, IA",4/20/2019,Slaughter Holstein Steers,Live,Select and Choice 2 3,2,1300,1500,1395,72.5,78,75.22,,
"Tama Slaughter, IA",5/11/2019,Slaughter Holstein Steers,Live,Select 2 3,2,1300,1500,1470,66,66,66,,
"Tama Slaughter, IA",5/11/2019,Slaughter Holstein Steers,Live,Select and Choice 2 3,5,1300,1500,1452,73,78.5,77.39,,
"Tama Slaughter, IA",6/1/2019,Slaughter Holstein Steers,Live,Select and Choice 2 3,2,1100,1300,1285,76,79,77.5,,
"Tama Slaughter, IA",6/1/2019,Slaughter Holstein Steers,Live,Select and Choice 2 3,3,1300,1500,1473.67,74,81,78.74,,
"Tama Slaughter, IA",6/1/2019,Slaughter Holstein Steers,Live,Choice 2 3,2,1300,1500,1432.5,84,87,85.51,,
"Tama Slaughter, IA",6/1/2019,Slaughter Holstein Steers,Live,Select and Choice 2 3,5,1500,1850,1550.2,80,82.5,81.52,,
Location,Report Date,Class Description,Selling Basis Description,Grade Description,Head Count,Weight Range Low,Weight Range High,Weighted Average,Price Low,Price High,Average Price,Comments,Pricing Point
"Fairview, IL",1/19/2019,Slaughter Holstein Steers,Live,Select and Choice 2 3,2,1300,1500,1440,75.5,76,75.76,,
"Fairview, IL",1/26/2019,Slaughter Holstein Steers,Live,Choice 2 3,3,1500,1850,1608.33,81.5,87,84.26,,
"Fairview, IL",1/26/2019,Slaughter Holstein Steers,Live,Select and Choice 2 3,1,1300,1500,1340,79,79,79,,
"Fairview, IL",1/26/2019,Slaughter Holstein Steers,Live,Select and Choice 2 3,1,1100,1300,1215,74.5,74.5,74.5,,
"Fairview, IL",1/26/2019,Slaughter Holstein Steers,Live,Choice 2 3,1,1300,1500,1460,90,90,90,High Dressing,
"Fairview, IL",1/26/2019,Slaughter Holstein Steers,Live,Choice 2 3,3,1300,1500,1429.67,80.5,83,82.23,,
"Fairview, IL",2/9/2019,Slaughter Holstein Steers,Live,Select and Choice 2 3,4,1300,1500,1382,79.5,79.5,79.5,,
"Fairview, IL",2/9/2019,Slaughter Holstein Steers,Live,Choice 2 3,4,1500,1850,1579.5,82.5,83.5,83.01,,
"Fairview, IL",4/20/2019,Slaughter Holstein Steers,Live,Choice 2 3,3,1500,1850,1703.33,93,99,95.57,High Dressing,
"Fairview, IL",4/20/2019,Slaughter Holstein Steers,Live,Choice 2 3,1,1300,1500,1495,93.5,93.5,93.5,High Dressing,
"Fairview, IL",4/20/2019,Slaughter Holstein Steers,Live,Choice 2 3,1,1300,1500,1440,83,83,83,Low Dressing,
"Fairview, IL",4/20/2019,Slaughter Holstein Steers,Live,Choice 2 3,4,1500,1850,1603.75,85,92,89.03,,
"Fairview, IL",5/11/2019,Slaughter Holstein Steers,Live,Choice 2 3,3,1300,1500,1423,85,85,85,,
Location,Report Date,Class Description,Selling Basis Description,Grade Description,Head Count,Weight Range Low,Weight Range High,Weighted Average,Price Low,Price High,Average Price,Comments,Pricing Point
"Greenville, IL",1/5/2019,Slaughter Holstein Steers,Live,Select and Choice 2 3,1,1300,1500,1440,75,75,75,,
"Greenville, IL",1/5/2019,Slaughter Holstein Steers,Live,Choice 2 3,43,1300,1500,1395.7,80,88,84.44,,
"Greenville, IL",1/5/2019,Slaughter Holstein Steers,Live,Choice 2 3,14,1300,1500,1375.36,90,95,90.86,High Dressing,
"Greenville, IL",1/5/2019,Slaughter Holstein Steers,Live,Choice 2 3,1,1300,1500,1330,76,76,76,Low Dressing,
"Greenville, IL",1/5/2019,Slaughter Holstein Steers,Live,Choice 2 3,9,1100,1300,1263.89,80,88,85,,
"Greenville, IL",1/5/2019,Slaughter Holstein Steers,Live,Select and Choice 2 3,3,1100,1300,1243.33,61,71,67.49,,
"Greenville, IL",1/5/2019,Slaughter Holstein Steers,Live,Choice 2 3,18,1500,1850,1575.56,80,87,83.28,,
"Greenville, IL",1/5/2019,Slaughter Holstein Steers,Live,Select 1 2,2,1100,1200,1132.5,35,41,38.09,,
"Greenville, IL",1/5/2019,Slaughter Holstein Steers,Live,Select 1 2,1,1200,1300,1200,51,51,51,,
"Greenville, IL",1/5/2019,Slaughter Holstein Steers,Live,Select and Choice 2 3,1,1100,1300,1285,60,60,60,Low Dressing,
"Greenville, IL",1/5/2019,Slaughter Holstein Steers,Live,Choice 2 3,2,1100,1300,1287.5,90,90,90,High Dressing,
"Greenville, IL",1/19/2019,Slaughter Holstein Steers,Live,Choice 2 3,1,1100,1300,1290,81,81,81,,
"Greenville, IL",1/19/2019,Slaughter Holstein Steers,Live,Choice 2 3,12,1500,1850,1566.25,85,88,86.41,,
"Greenville, IL",1/19/2019,Slaughter Holstein Steers,Live,Choice 2 3,8,1500,1850,1532.5,90,90,90,High Dressing,
"Greenville, IL",1/19/2019,Slaughter Holstein Steers,Live,Choice 2 3,47,1300,1500,1397.13,83,88,85.35,,
"Greenville, IL",1/19/2019,Slaughter Holstein Steers,Live,Choice 2 3,14,1300,1500,1432.86,89,95,90.59,High Dressing,
"Greenville, IL",1/26/2019,Slaughter Holstein Steers,Live,Choice 2 3,8,1500,1850,1609.38,93,100,95.98,High Dressing,
"Greenville, IL",1/26/2019,Slaughter Holstein Steers,Live,Choice 2 3,2,1500,1850,1717.5,75,82,78.26,Low Dressing,
"Greenville, IL",1/26/2019,Slaughter Holstein Steers,Live,Choice 2 3,24,1500,1850,1542.08,84,90,87.04,,
"Greenville, IL",1/26/2019,Slaughter Holstein Steers,Live,Choice 2 3,1,1100,1300,1275,95,95,95,High Dressing,
"Greenville, IL",1/26/2019,Slaughter Holstein Steers,Live,Select and Choice 2 3,2,1500,1850,1612.5,80,82,80.93,,
"Greenville, IL",1/26/2019,Slaughter Holstein Steers,Live,Choice 2 3,12,1300,1500,1412.92,91,100,93.8,High Dressing,
"Greenville, IL",1/26/2019,Slaughter Holstein Steers,Live,Select and Choice 2 3,3,1300,1500,1420,70,82,73.87,,
"Greenville, IL",1/26/2019,Slaughter Holstein Steers,Live,Select and Choice 2 3,2,1100,1300,1212.5,70,70,70,,
"Greenville, IL",1/26/2019,Slaughter Holstein Steers,Live,Choice 2 3,40,1300,1500,1411.88,85,90,87.42,,
"Greenville, IL",1/26/2019,Slaughter Holstein Steers,Live,Choice 2 3,1,1100,1300,1260,75,75,75,Low Dressing,
"Greenville, IL",2/2/2019,Slaughter Holstein Steers,Live,Choice 2 3,52,1300,1500,1418.85,84,91,89.16,,
"Greenville, IL",2/2/2019,Slaughter Holstein Steers,Live,Choice 2 3,9,1300,1500,1402.78,92,95,93.13,High Dressing,
"Greenville, IL",2/2/2019,Slaughter Holstein Steers,Live,Choice 2 3,17,1500,1850,1560,86,90,88.77,,
"Greenville, IL",2/2/2019,Slaughter Holstein Steers,Live,Select and Choice 2 3,1,1300,1500,1335,80,80,80,,
"Greenville, IL",2/2/2019,Slaughter Holstein Steers,Live,Select and Choice 2 3,5,1100,1300,1208,70,75,72.89,,
"Greenville, IL",2/2/2019,Slaughter Holstein Steers,Live,Choice 2 3,2,1100,1300,1240,80,80,80,Low Dressing,
"Greenville, IL",2/2/2019,Slaughter Holstein Steers,Live,Choice 2 3,5,1100,1300,1245,84,90,86.39,,
"Greenville, IL",2/9/2019,Slaughter Holstein Steers,Live,Choice 2 3,23,1500,1850,1582.61,84,91,87.57,,
"Greenville, IL",2/9/2019,Slaughter Holstein Steers,Live,Choice 2 3,6,1500,1850,1563.33,92,96,94.68,High Dressing,
"Greenville, IL",2/9/2019,Slaughter Holstein Steers,Live,Select and Choice 2 3,2,1300,1500,1327.5,82,83,82.5,,
"Greenville, IL",2/9/2019,Slaughter Holstein Steers,Live,Choice 2 3,8,1100,1300,1261.88,85,91,88.91,,
"Greenville, IL",2/9/2019,Slaughter Holstein Steers,Live,Choice 2 3,1,1100,1300,1280,92,92,92,High Dressing,
"Greenville, IL",2/9/2019,Slaughter Holstein Steers,Live,Choice 2 3,6,1500,1850,1623.33,80,83,80.99,Low Dressing,
"Greenville, IL",2/9/2019,Slaughter Holstein Steers,Live,Select and Choice 2 3,2,1100,1300,1240,61,61,61,Low Dressing,
"Greenville, IL",2/9/2019,Slaughter Holstein Steers,Live,Choice 2 3,4,1300,1500,1436.25,80,84,82.3,Low Dressing,
"Greenville, IL",2/9/2019,Slaughter Holstein Steers,Live,Choice 2 3,19,1300,1500,1392.11,91,95,93.44,High Dressing,
"Greenville, IL",2/9/2019,Slaughter Holstein Steers,Live,Choice 2 3,63,1300,1500,1401.59,85,91,89.3,,
"Greenville, IL",2/9/2019,Slaughter Holstein Steers,Live,Select and Choice 2 3,4,1500,1850,1551.25,71,75,74.01,,
"Greenville, IL",2/16/2019,Slaughter Holstein Steers,Live,Select and Choice 2 3,1,1100,1300,1275,70,70,70,,
"Greenville, IL",2/16/2019,Slaughter Holstein Steers,Live,Select and Choice 2 3,11,1300,1500,1399.55,70,82,76.73,,
"Greenville, IL",2/16/2019,Slaughter Holstein Steers,Live,Choice 2 3,21,1300,1500,1377.62,92,105,95.01,High Dressing,
"Greenville, IL",2/16/2019,Slaughter Holstein Steers,Live,Choice 2 3,6,1300,1500,1427.5,78,83,80.79,Low Dressing,
"Greenville, IL",2/16/2019,Slaughter Holstein Steers,Live,Choice 2 3,6,1500,1850,1575.83,80,82,81.68,Low Dressing,
"Greenville, IL",2/16/2019,Slaughter Holstein Steers,Live,Choice 2 3,34,1500,1850,1582.06,84,91,87.85,,
"Greenville, IL",2/16/2019,Slaughter Holstein Steers,Live,Choice 2 3,2,1500,1850,1647.5,92,92,92,High Dressing,
"Greenville, IL",2/16/2019,Slaughter Holstein Steers,Live,Choice 2 3,62,1300,1500,1406.89,84,91,87.97,,
"Greenville, IL",2/16/2019,Slaughter Holstein Steers,Live,Choice 2 3,3,1100,1300,1270,85,91,88.66,,
"Greenville, IL",2/16/2019,Slaughter Holstein Steers,Live,Select and Choice 2 3,3,1500,1850,1538.33,70,82,77.33,,
"Greenville, IL",2/16/2019,Slaughter Holstein Steers,Live,Choice 2 3,4,1100,1300,1258.75,92,95,93.51,High Dressing,
"Greenville, IL",3/2/2019,Slaughter Holstein Steers,Live,Select and Choice 2 3,2,1500,1850,1550,70,75,72.44,,
"Greenville, IL",3/2/2019,Slaughter Holstein Steers,Live,Choice 2 3,6,1500,1850,1555,80,84,82.66,Low Dressing,
"Greenville, IL",3/2/2019,Slaughter Holstein Steers,Live,Select and Choice 2 3,1,1100,1300,1230,70,70,70,,
"Greenville, IL",3/2/2019,Slaughter Holstein Steers,Live,Select and Choice 2 3,6,1300,1500,1399.17,70,84,77.91,,
"Greenville, IL",3/2/2019,Slaughter Holstein Steers,Live,Select 1 2,1,1200,1300,1235,68,68,68,,
"Greenville, IL",3/2/2019,Slaughter Holstein Steers,Live,Choice 2 3,2,1300,1500,1355,80,80,80,Low Dressing,
"Greenville, IL",3/2/2019,Slaughter Holstein Steers,Live,Choice 2 3,47,1300,1500,1410,85,92,89.2,,
"Greenville, IL",3/2/2019,Slaughter Holstein Steers,Live,Choice 2 3,6,1300,1500,1397.5,93,100,95.66,High Dressing,
"Greenville, IL",3/2/2019,Slaughter Holstein Steers,Live,Choice 2 3,9,1100,1300,1253.89,95,104,98.71,High Dressing,
"Greenville, IL",3/2/2019,Slaughter Holstein Steers,Live,Choice 2 3,23,1500,1850,1554.13,85,92,88.34,,
"Greenville, IL",3/9/2019,Slaughter Holstein Steers,Live,Choice 2 3,2,1100,1300,1252.5,90,90,90,,
"Greenville, IL",3/9/2019,Slaughter Holstein Steers,Live,Select and Choice 2 3,3,1300,1500,1370,80,80,80,,
"Greenville, IL",3/9/2019,Slaughter Holstein Steers,Live,Select and Choice 2 3,1,1100,1300,1285,70,70,70,Low Dressing,
"Greenville, IL",3/9/2019,Slaughter Holstein Steers,Live,Select 1 2,1,1100,1200,1125,55,55,55,,
"Greenville, IL",3/9/2019,Slaughter Holstein Steers,Live,Choice 2 3,7,1300,1500,1413.57,93,101,98.51,High Dressing,
"Greenville, IL",3/9/2019,Slaughter Holstein Steers,Live,Choice 2 3,6,1500,1850,1578.33,95,100,98.35,High Dressing,
"Greenville, IL",3/9/2019,Slaughter Holstein Steers,Live,Choice 2 3,40,1300,1500,1408.88,85,92,89.39,,
"Greenville, IL",3/9/2019,Slaughter Holstein Steers,Live,Choice 2 3,1,1300,1500,1370,84,84,84,Low Dressing,
"Greenville, IL",3/9/2019,Slaughter Holstein Steers,Live,Choice 2 3,9,1500,1850,1537.22,88,90,89.55,,
"Greenville, IL",3/16/2019,Slaughter Holstein Steers,Live,Choice 2 3,7,1500,1850,1622.86,100,105,104.32,High Dressing,
"Greenville, IL",3/16/2019,Slaughter Holstein Steers,Live,Select and Choice 2 3,8,1300,1500,1441.25,70,84,76.48,,
"Greenville, IL",3/16/2019,Slaughter Holstein Steers,Live,Choice 2 3,1,1500,1850,1580,75,75,75,Low Dressing,
"Greenville, IL",3/16/2019,Slaughter Holstein Steers,Live,Choice 2 3,8,1500,1850,1593.13,85,92,88.62,,
"Greenville, IL",3/16/2019,Slaughter Holstein Steers,Live,Choice 2 3,1,1300,1500,1440,83,83,83,Low Dressing,
"Greenville, IL",3/16/2019,Slaughter Holstein Steers,Live,Choice 2 3,37,1300,1500,1392.43,85,92,89.2,,
"Greenville, IL",3/16/2019,Slaughter Holstein Steers,Live,Choice 2 3,4,1300,1500,1415,95,105,98.93,High Dressing,
"Greenville, IL",3/16/2019,Slaughter Holstein Steers,Live,Select 1 2,1,1200,1300,1225,66,66,66,,
"Greenville, IL",3/16/2019,Slaughter Holstein Steers,Live,Choice 2 3,4,1100,1300,1261.25,85,91,89.04,,
"Greenville, IL",3/16/2019,Slaughter Holstein Steers,Live,Select and Choice 2 3,3,1500,1850,1686.67,70,82,77.51,,
"Greenville, IL",3/16/2019,Slaughter Holstein Steers,Live,Choice 2 3,1,1100,1300,1245,93,93,93,High Dressing,
"Greenville, IL",3/23/2019,Slaughter Holstein Steers,Live,Select 1 2,1,1100,1200,1165,60,60,60,,
"Greenville, IL",3/23/2019,Slaughter Holstein Steers,Live,Select and Choice 2 3,1,1500,1850,1775,70,70,70,,
"Greenville, IL",3/23/2019,Slaughter Holstein Steers,Live,Choice 2 3,1,1500,1850,1515,80,80,80,Low Dressing,
"Greenville, IL",3/23/2019,Slaughter Holstein Steers,Live,Choice 2 3,15,1500,1850,1568.67,85,92,89.31,,
"Greenville, IL",3/23/2019,Slaughter Holstein Steers,Live,Choice 2 3,4,1500,1850,1605,100,105,101.71,High Dressing,
"Greenville, IL",3/23/2019,Slaughter Holstein Steers,Live,Choice 2 3,6,1300,1500,1460,93,102,98.05,High Dressing,
"Greenville, IL",3/23/2019,Slaughter Holstein Steers,Live,Choice 2 3,5,1300,1500,1361,75,81,78.58,Low Dressing,
"Greenville, IL",3/23/2019,Slaughter Holstein Steers,Live,Choice 2 3,31,1300,1500,1424.19,85,92,89.69,,
"Greenville, IL",3/23/2019,Slaughter Holstein Steers,Live,Choice 2 3,8,1100,1300,1253.75,85,90,86.75,,
"Greenville, IL",3/23/2019,Slaughter Holstein Steers,Live,Select 1 2,3,1000,1100,1040,40,50,46.76,,
"Greenville, IL",3/23/2019,Slaughter Holstein Steers,Live,Select 1 2,1,1200,1300,1205,65,65,65,,
"Greenville, IL",3/23/2019,Slaughter Holstein Steers,Live,Select and Choice 2 3,4,1100,1300,1213.75,75,80,77.54,,
"Greenville, IL",3/23/2019,Slaughter Holstein Steers,Live,Select and Choice 2 3,2,1300,1500,1365,80,80,80,,
"Greenville, IL",3/30/2019,Slaughter Holstein Steers,Live,Choice 2 3,7,1500,1850,1528.57,88,93,90.14,,
"Greenville, IL",3/30/2019,Slaughter Holstein Steers,Live,Select 1 2,1,1200,1300,1280,60,60,60,,
"Greenville, IL",3/30/2019,Slaughter Holstein Steers,Live,Choice 2 3,42,1300,1500,1392.74,87,93,90.47,,
"Greenville, IL",3/30/2019,Slaughter Holstein Steers,Live,Choice 2 3,1,1300,1500,1355,85,85,85,Low Dressing,
"Greenville, IL",3/30/2019,Slaughter Holstein Steers,Live,Choice 2 3,11,1300,1500,1450,95,105,99.8,High Dressing,
"Greenville, IL",3/30/2019,Slaughter Holstein Steers,Live,Choice 2 3,8,1100,1300,1272.5,88,93,89.78,,
"Greenville, IL",3/30/2019,Slaughter Holstein Steers,Live,Choice 2 3,4,1500,1850,1636.25,71,85,79.07,Low Dressing,
"Greenville, IL",3/30/2019,Slaughter Holstein Steers,Live,Select and Choice 2 3,2,1100,1300,1190,71,85,78.24,,
"Greenville, IL",3/30/2019,Slaughter Holstein Steers,Live,Select and Choice 2 3,5,1300,1500,1374,75,85,81.99,,
"Greenville, IL",3/30/2019,Slaughter Holstein Steers,Live,Select and Choice 2 3,1,1500,1850,1675,75,75,75,,
"Greenville, IL",4/6/2019,Slaughter Holstein Steers,Live,Choice 2 3,10,1300,1500,1426,83,90,87.03,,
"Greenville, IL",4/6/2019,Slaughter Holstein Steers,Live,Choice 2 3,8,1300,1500,1400.63,92,95,93.24,High Dressing,
"Greenville, IL",4/6/2019,Slaughter Holstein Steers,Live,Choice 2 3,5,1500,1850,1667,80,82,80.81,Low Dressing,
"Greenville, IL",4/6/2019,Slaughter Holstein Steers,Live,Choice 2 3,4,1500,1850,1627.5,95,100,98.7,High Dressing,
"Greenville, IL",4/6/2019,Slaughter Holstein Steers,Live,Select 1 2,1,1200,1300,1245,65,65,65,,
"Greenville, IL",4/6/2019,Slaughter Holstein Steers,Live,Choice 2 3,1,1300,1500,1365,70,70,70,Low Dressing,
"Greenville, IL",4/6/2019,Slaughter Holstein Steers,Live,Select and Choice 2 3,1,1100,1300,1260,74,74,74,,
"Greenville, IL",4/6/2019,Slaughter Holstein Steers,Live,Select and Choice 2 3,4,1300,1500,1403.75,70,80,77.59,,
"Greenville, IL",4/6/2019,Slaughter Holstein Steers,Live,Choice 2 3,12,1500,1850,1630,83,88,84.59,,
"Greenville, IL",4/20/2019,Slaughter Holstein Steers,Live,Select and Choice 2 3,6,1300,1500,1355,70,84,79.68,,
"Greenville, IL",4/20/2019,Slaughter Holstein Steers,Live,Select and Choice 2 3,4,1100,1300,1236.25,70,81,76.55,,
"Greenville, IL",4/20/2019,Slaughter Holstein Steers,Live,Choice 2 3,39,1300,1500,1392.95,85,92,87.9,,
"Greenville, IL",4/20/2019,Slaughter Holstein Steers,Live,Choice 2 3,9,1300,1500,1435.56,93,100,95.75,High Dressing,
"Greenville, IL",4/20/2019,Slaughter Holstein Steers,Live,Choice 2 3,4,1100,1300,1246.5,85,89,86.54,,
"Greenville, IL",4/20/2019,Slaughter Holstein Steers,Live,Choice 2 3,6,1500,1850,1550.83,100,105,101,High Dressing,
"Greenville, IL",4/20/2019,Slaughter Holstein Steers,Live,Choice 2 3,16,1500,1850,1541.25,85,92,87.61,,
"Greenville, IL",5/4/2019,Slaughter Holstein Steers,Live,Choice 2 3,22,1500,1850,1615.23,83,90,85.89,,
"Greenville, IL",5/4/2019,Slaughter Holstein Steers,Live,Choice 2 3,5,1500,1850,1560,100,100,100,High Dressing,
"Greenville, IL",5/4/2019,Slaughter Holstein Steers,Live,Choice 2 3,1,1300,1500,1430,82,82,82,Low Dressing,
"Greenville, IL",5/4/2019,Slaughter Holstein Steers,Live,Choice 2 3,67,1300,1500,1397.01,83,90,86.92,,
"Greenville, IL",5/4/2019,Slaughter Holstein Steers,Live,Select and Choice 2 3,1,1500,1850,1550,65,65,65,Low Dressing,
"Greenville, IL",5/4/2019,Slaughter Holstein Steers,Live,Choice 2 3,3,1100,1300,1266.67,83,86,84.34,,
"Greenville, IL",5/4/2019,Slaughter Holstein Steers,Live,Select and Choice 2 3,2,1300,1500,1430,80,81,80.5,,
"Greenville, IL",5/4/2019,Slaughter Holstein Steers,Live,Select and Choice 2 3,6,1100,1300,1235,80,82,81.15,,
"Greenville, IL",5/4/2019,Slaughter Holstein Steers,Live,Select and Choice 2 3,4,1500,1850,1587.5,70,82,75.61,,
"Greenville, IL",5/4/2019,Slaughter Holstein Steers,Live,Choice 2 3,5,1300,1500,1400,91,101,96.54,High Dressing,
"Greenville, IL",5/11/2019,Slaughter Holstein Steers,Live,Choice 2 3,1,1500,1850,1795,74,74,74,Low Dressing,
"Greenville, IL",5/11/2019,Slaughter Holstein Steers,Live,Choice 2 3,2,1300,1500,1390,72,75,73.43,Low Dressing,
"Greenville, IL",5/11/2019,Slaughter Holstein Steers,Live,Choice 2 3,9,1300,1500,1415,91,96,93.77,High Dressing,
"Greenville, IL",5/11/2019,Slaughter Holstein Steers,Live,Choice 2 3,31,1300,1500,1383.87,86,90,88.39,,
"Greenville, IL",5/11/2019,Slaughter Holstein Steers,Live,Choice 2 3,3,1500,1850,1550,83,88,85.33,,
"Greenville, IL",5/11/2019,Slaughter Holstein Steers,Live,Choice 2 3,6,1100,1300,1257.5,85,90,87.03,,
"Greenville, IL",5/11/2019,Slaughter Holstein Steers,Live,Choice 2 3,2,1500,1850,1537.5,95,105,100.04,High Dressing,
"Greenville, IL",5/11/2019,Slaughter Holstein Steers,Live,Choice 2 3,2,1100,1300,1262.5,91,100,95.62,High Dressing,
"Greenville, IL",5/18/2019,Slaughter Holstein Steers,Live,Choice 2 3,4,1300,1500,1333.75,72,80,77.48,Low Dressing,
"Greenville, IL",5/18/2019,Slaughter Holstein Steers,Live,Select 1 2,2,1200,1300,1282.5,66,66,66,,
"Greenville, IL",5/18/2019,Slaughter Holstein Steers,Live,Select 1 2,3,1100,1200,1153.33,50,61,57.15,,
"Greenville, IL",5/18/2019,Slaughter Holstein Steers,Live,Choice 2 3,3,1500,1850,1536.67,89,92,90.32,High Dressing,
"Greenville, IL",5/18/2019,Slaughter Holstein Steers,Live,Choice 2 3,29,1300,1500,1377,81,88,85.53,,
"Greenville, IL",5/18/2019,Slaughter Holstein Steers,Live,Select and Choice 2 3,3,1300,1500,1335,80,80,80,,
"Greenville, IL",5/18/2019,Slaughter Holstein Steers,Live,Choice 2 3,4,1100,1300,1245,81,88,84.76,,
"Greenville, IL",5/18/2019,Slaughter Holstein Steers,Live,Choice 2 3,2,1100,1300,1247.5,60,76,67.76,Low Dressing,
"Greenville, IL",5/18/2019,Slaughter Holstein Steers,Live,Choice 2 3,6,1100,1300,1250,89,93,90.17,High Dressing,
"Greenville, IL",5/18/2019,Slaughter Holstein Steers,Live,Choice 2 3,6,1500,1850,1560.83,84,88,87,,
"Greenville, IL",5/18/2019,Slaughter Holstein Steers,Live,Select and Choice 2 3,7,1100,1300,1262.14,76,80,78.57,,
"Greenville, IL",5/18/2019,Slaughter Holstein Steers,Live,Choice 2 3,21,1300,1500,1406.19,89,101,90.99,High Dressing,
Location,Report Date,Class Description,Selling Basis Description,Grade Description,Head Count,Weight Range Low,Weight Range High,Weighted Average,Price Low,Price High,Average Price,Comments,Pricing Point
"Walnut Livestock Auction, IL",1/5/2019,Slaughter Holstein Steers,Live,Choice 2 3,1,1500,1850,1545,90,90,90,High Dressing,
"Walnut Livestock Auction, IL",1/5/2019,Slaughter Holstein Steers,Live,Choice 2 3,1,1300,1500,1400,91,91,91,High Dressing,
"Walnut Livestock Auction, IL",1/5/2019,Slaughter Holstein Steers,Live,Choice 2 3,13,1500,1850,1570.92,86,87.75,87.29,,
"Walnut Livestock Auction, IL",1/5/2019,Slaughter Holstein Steers,Live,Choice 2 3,7,1300,1500,1430,82,88.5,86.43,,
"Walnut Livestock Auction, IL",1/12/2019,Slaughter Holstein Steers,Live,Choice 2 3,2,1500,1850,1652,82,82,82,,
"Walnut Livestock Auction, IL",1/19/2019,Slaughter Holstein Steers,Live,Choice 2 3,10,1300,1500,1456,82.75,89.5,86.18,,
"Walnut Livestock Auction, IL",1/19/2019,Slaughter Holstein Steers,Live,Select and Choice 2 3,4,1300,1500,1460,81.25,81.25,81.25,,
"Walnut Livestock Auction, IL",1/19/2019,Slaughter Holstein Steers,Live,Choice 2 3,17,1500,1850,1540,83,89,85.03,,
"Walnut Livestock Auction, IL",3/9/2019,Slaughter Holstein Steers,Live,Choice 2 3,1,1500,1850,1615,83,83,83,Low Dressing,
"Walnut Livestock Auction, IL",3/9/2019,Slaughter Holstein Steers,Live,Choice 2 3,7,1300,1500,1434.29,86.5,90,87.49,,
"Walnut Livestock Auction, IL",3/9/2019,Slaughter Holstein Steers,Live,Choice 2 3,5,1500,1850,1516,91.25,91.25,91.25,,
"Walnut Livestock Auction, IL",3/23/2019,Slaughter Holstein Steers,Live,Choice 2 3,6,1500,1850,1566.67,87,93,90.04,,
"Walnut Livestock Auction, IL",4/6/2019,Slaughter Holstein Steers,Live,Choice 2 3,21,1300,1500,1438.24,85,89.75,88.56,,
"Walnut Livestock Auction, IL",4/6/2019,Slaughter Holstein Steers,Live,Choice 2 3,4,1300,1500,1446,92.75,92.75,92.75,High Dressing,
"Walnut Livestock Auction, IL",4/6/2019,Slaughter Holstein Steers,Live,Choice 2 3,5,1500,1850,1588,92,93.25,92.99,High Dressing,
"Walnut Livestock Auction, IL",4/6/2019,Slaughter Holstein Steers,Live,Choice 2 3,4,1500,1850,1573.5,85.5,91.5,89.88,,
"Walnut Livestock Auction, IL",4/6/2019,Slaughter Holstein Steers,Live,Select and Choice 2 3,8,1300,1500,1441.25,75,84.25,80.51,,
"Walnut Livestock Auction, IL",4/6/2019,Slaughter Holstein Steers,Live,Select and Choice 2 3,2,1500,1850,1535,84.25,84.25,84.25,,
"Walnut Livestock Auction, IL",4/20/2019,Slaughter Holstein Steers,Live,Select and Choice 2 3,2,1100,1300,1245,72,78,74.92,,
"Walnut Livestock Auction, IL",4/20/2019,Slaughter Holstein Steers,Live,Choice 2 3,2,1100,1300,1290,85.5,85.5,85.5,,
"Walnut Livestock Auction, IL",4/20/2019,Slaughter Holstein Steers,Live,Choice 2 3,24,1300,1500,1381.08,85.5,90.5,88.73,,
"Walnut Livestock Auction, IL",4/20/2019,Slaughter Holstein Steers,Live,Choice 2 3,2,1300,1500,1478,80,80,80,Low Dressing,
"Walnut Livestock Auction, IL",4/20/2019,Slaughter Holstein Steers,Live,Choice 2 3,2,1500,1850,1517.5,92,92,92,,
"Walnut Livestock Auction, IL",4/27/2019,Slaughter Holstein Steers,Live,Choice 2 3,5,1500,1850,1605,88.5,88.5,88.5,,
"Walnut Livestock Auction, IL",5/4/2019,Slaughter Holstein Steers,Live,Select and Choice 2 3,2,1100,1300,1240,74,82.5,78.4,,
"Walnut Livestock Auction, IL",5/4/2019,Slaughter Holstein Steers,Live,Select 1 2,3,1200,1300,1246.67,42.5,70,57.95,,
"Walnut Livestock Auction, IL",5/4/2019,Slaughter Holstein Steers,Live,Select 1 2,4,1100,1200,1141.25,42.5,42.5,42.5,,
"Walnut Livestock Auction, IL",5/4/2019,Slaughter Holstein Steers,Live,Choice 2 3,13,1300,1500,1397.38,84,89,86.73,,
"Walnut Livestock Auction, IL",5/4/2019,Slaughter Holstein Steers,Live,Choice 2 3,3,1500,1850,1528.67,87.5,90,89.17,,
"Walnut Livestock Auction, IL",5/4/2019,Slaughter Holstein Steers,Live,Select and Choice 2 3,2,1300,1500,1335,73,82,77.52,,
"Walnut Livestock Auction, IL",5/4/2019,Slaughter Holstein Steers,Live,Choice 2 3,1,1300,1500,1365,91.5,91.5,91.5,High Dressing,
"Walnut Livestock Auction, IL",5/18/2019,Slaughter Holstein Steers,Live,Choice 2 3,2,1500,1850,1560,85.75,85.75,85.75,,
