Location,Report Date,Class Description,Selling Basis Description,Grade Description,Head Count,Weight Range Low,Weight Range High,Weighted Average,Price Low,Price High,Average Price,Comments,Pricing Point
"Dunlap Wtd Avg Slaughter Cattle, IA",1/12/2019,Slaughter Steers,Live,Select and Choice 2 3,33,1100,1300,1144.12,116,119.75,118.51,,
"Dunlap Wtd Avg Slaughter Cattle, IA",1/12/2019,Slaughter Steers,Live,Select and Choice 2 3,29,1300,1500,1420.9,116.5,119.75,119.32,,
"Dunlap Wtd Avg Slaughter Cattle, IA",1/12/2019,Slaughter Steers,Live,Select 2 3,4,1100,1300,1181.25,113.5,115.5,114.75,,
"Dunlap Wtd Avg Slaughter Cattle, IA",1/12/2019,Slaughter Steers,Live,Select 2 3,2,1000,1100,1067.5,114,115,114.49,,
"Dunlap Wtd Avg Slaughter Cattle, IA",1/12/2019,Slaughter Steers,Live,Select 2 3,8,1300,1500,1413.13,113,115.5,114.39,,
"Dunlap Wtd Avg Slaughter Cattle, IA",1/12/2019,Slaughter Steers,Live,Choice 2 4,7,1100,1300,1268.57,122.5,123.25,122.86,,
"Dunlap Wtd Avg Slaughter Cattle, IA",1/12/2019,Slaughter Steers,Live,Choice 2 4,63,1300,1500,1452.11,121.5,124.25,123.43,,
"Dunlap Wtd Avg Slaughter Cattle, IA",1/19/2019,Slaughter Steers,Live,Choice 2 4,12,1100,1300,1268.17,119,123,120.81,,
"Dunlap Wtd Avg Slaughter Cattle, IA",1/19/2019,Slaughter Steers,Live,Choice 2 4,47,1300,1500,1474.94,119.25,121.75,120.3,,
"Dunlap Wtd Avg Slaughter Cattle, IA",1/19/2019,Slaughter Steers,Live,Choice 2 4,2,1000,1100,1088,119.25,119.25,119.25,,
"Dunlap Wtd Avg Slaughter Cattle, IA",1/19/2019,Slaughter Steers,Live,Select 2 3,1,1000,1100,1040,110,110,110,,
"Dunlap Wtd Avg Slaughter Cattle, IA",1/19/2019,Slaughter Steers,Live,Select 2 3,1,1100,1300,1175,114,114,114,,
"Dunlap Wtd Avg Slaughter Cattle, IA",1/19/2019,Slaughter Steers,Live,Select and Choice 2 3,3,1000,1100,1072,116.75,116.75,116.75,,
"Dunlap Wtd Avg Slaughter Cattle, IA",1/19/2019,Slaughter Steers,Live,Select and Choice 2 3,5,1300,1500,1371.8,118,118.75,118.6,,
"Dunlap Wtd Avg Slaughter Cattle, IA",1/19/2019,Slaughter Steers,Live,Select and Choice 2 3,3,1100,1300,1166.67,116,117,116.4,,
"Dunlap Wtd Avg Slaughter Cattle, IA",2/9/2019,Slaughter Steers,Live,Select 2 3,6,1300,1500,1381.67,116.5,116.75,116.7,,
"Dunlap Wtd Avg Slaughter Cattle, IA",2/9/2019,Slaughter Steers,Live,Select 2 3,2,1100,1300,1163,113,113,113,,
"Dunlap Wtd Avg Slaughter Cattle, IA",2/9/2019,Slaughter Steers,Live,Choice 2 4,15,1300,1500,1423.87,121,123,121.49,,
"Dunlap Wtd Avg Slaughter Cattle, IA",2/9/2019,Slaughter Steers,Live,Select and Choice 2 3,15,1100,1300,1245.73,118.6,120.5,120.02,,
"Dunlap Wtd Avg Slaughter Cattle, IA",2/9/2019,Slaughter Steers,Live,Select and Choice 2 3,23,1300,1500,1397.3,118.5,121,119.3,,
"Dunlap Wtd Avg Slaughter Cattle, IA",3/16/2019,Slaughter Steers,Live,Select and Choice 2 3,1,1000,1100,1050,120,120,120,,
"Dunlap Wtd Avg Slaughter Cattle, IA",3/16/2019,Slaughter Steers,Live,Select 2 3,3,1300,1500,1366.67,117.5,119,118.18,,
"Dunlap Wtd Avg Slaughter Cattle, IA",3/16/2019,Slaughter Steers,Live,Select 2 3,3,1000,1100,1053.67,113,115,113.67,,
"Dunlap Wtd Avg Slaughter Cattle, IA",3/16/2019,Slaughter Steers,Live,Select 2 3,8,1100,1300,1192,111,119.5,115.86,,
"Dunlap Wtd Avg Slaughter Cattle, IA",3/16/2019,Slaughter Steers,Live,Select 2 3,19,1100,1300,1188.74,108,114,110.64,Value Added,
"Dunlap Wtd Avg Slaughter Cattle, IA",3/16/2019,Slaughter Steers,Live,Choice 2 4,29,1300,1500,1393.1,125.75,130.25,126.64,,
"Dunlap Wtd Avg Slaughter Cattle, IA",3/16/2019,Slaughter Steers,Live,Choice 2 4,12,1100,1300,1231.58,125.25,128.25,127.18,,
"Dunlap Wtd Avg Slaughter Cattle, IA",3/16/2019,Slaughter Steers,Live,Select and Choice 2 3,21,1300,1500,1362.1,121.5,125,123.87,,
"Dunlap Wtd Avg Slaughter Cattle, IA",3/16/2019,Slaughter Steers,Live,Select and Choice 2 3,17,1100,1300,1241.47,120,123.5,121.06,,
"Dunlap Wtd Avg Slaughter Cattle, IA",3/23/2019,Slaughter Steers,Live,Choice 2 4,11,1300,1500,1421.55,127.5,128,127.96,,
"Dunlap Wtd Avg Slaughter Cattle, IA",3/23/2019,Slaughter Steers,Live,Select 1 2,6,1000,1100,1045.83,110,119,115.49,Value Added,
"Dunlap Wtd Avg Slaughter Cattle, IA",3/23/2019,Slaughter Steers,Live,Select 2 3,5,1100,1300,1265,110,119.5,111.94,Value Added,
"Dunlap Wtd Avg Slaughter Cattle, IA",3/23/2019,Slaughter Steers,Live,Select 2 3,13,1300,1500,1338.38,110,117,110.55,,
"Dunlap Wtd Avg Slaughter Cattle, IA",3/23/2019,Slaughter Steers,Live,Select and Choice 2 3,16,1100,1300,1243,121.75,121.75,121.75,,
"Dunlap Wtd Avg Slaughter Cattle, IA",3/23/2019,Slaughter Steers,Live,Select and Choice 2 3,13,1300,1500,1406.08,122,125.75,123.94,,
"Dunlap Wtd Avg Slaughter Cattle, IA",4/27/2019,Slaughter Steers,Live,Select and Choice 2 3,13,1300,1500,1377.69,122,126.75,124.18,,
"Dunlap Wtd Avg Slaughter Cattle, IA",4/27/2019,Slaughter Steers,Live,Select 2 3,4,1100,1300,1185,111,117,114.85,,
"Dunlap Wtd Avg Slaughter Cattle, IA",4/27/2019,Slaughter Steers,Live,Choice 2 4,11,1100,1300,1227.91,128,131,128.97,,
"Dunlap Wtd Avg Slaughter Cattle, IA",4/27/2019,Slaughter Steers,Live,Choice 2 4,24,1300,1500,1373.42,127.5,132.5,130.22,,
"Dunlap Wtd Avg Slaughter Cattle, IA",4/27/2019,Slaughter Steers,Live,Select 2 3,1,1000,1100,1085,111,111,111,,
"Dunlap Wtd Avg Slaughter Cattle, IA",4/27/2019,Slaughter Steers,Live,Select 2 3,15,1300,1500,1370.8,110,118,115.28,,
"Dunlap Wtd Avg Slaughter Cattle, IA",4/27/2019,Slaughter Steers,Live,Select and Choice 2 3,8,1100,1300,1212.75,120,125,122.43,,
"Dunlap Wtd Avg Slaughter Cattle, IA",5/18/2019,Slaughter Steers,Live,Select and Choice 2 3,19,1100,1300,1252.32,114,116,114.1,,
"Dunlap Wtd Avg Slaughter Cattle, IA",5/18/2019,Slaughter Steers,Live,Select 2 3,10,1300,1500,1331.9,100,111,103.28,,
"Dunlap Wtd Avg Slaughter Cattle, IA",5/18/2019,Slaughter Steers,Live,Select 2 3,1,1000,1100,1055,109,109,109,,
"Dunlap Wtd Avg Slaughter Cattle, IA",5/18/2019,Slaughter Steers,Live,Choice 2 4,16,1300,1500,1373.5,118,122,119.83,,
"Dunlap Wtd Avg Slaughter Cattle, IA",5/18/2019,Slaughter Steers,Live,Choice 2 4,5,1100,1300,1298,120,120,120,,
"Dunlap Wtd Avg Slaughter Cattle, IA",5/18/2019,Slaughter Steers,Live,Select and Choice 2 3,82,1300,1500,1355.99,117.25,118.25,117.72,,
"Dunlap Wtd Avg Slaughter Cattle, IA",5/25/2019,Slaughter Steers,Live,Select and Choice 2 3,7,1100,1300,1209.57,112.5,113,112.93,,
"Dunlap Wtd Avg Slaughter Cattle, IA",5/25/2019,Slaughter Steers,Live,Select and Choice 2 3,20,1300,1500,1392.95,112.5,113.25,113.18,,
"Dunlap Wtd Avg Slaughter Cattle, IA",5/25/2019,Slaughter Steers,Live,Choice 2 4,15,1300,1500,1367,117,117.25,117.09,,
"Dunlap Wtd Avg Slaughter Cattle, IA",5/25/2019,Slaughter Steers,Live,Choice 2 4,26,1100,1300,1245.38,115,115.5,115.2,,
"Dunlap Wtd Avg Slaughter Cattle, IA",5/25/2019,Slaughter Steers,Live,Select 2 3,1,1300,1500,1315,107.5,107.5,107.5,,
"Dunlap Wtd Avg Slaughter Cattle, IA",5/25/2019,Slaughter Steers,Live,Select 2 3,5,1000,1100,1034.2,105,107,105.83,,
"Dunlap Wtd Avg Slaughter Cattle, IA",5/25/2019,Slaughter Steers,Live,Select 2 3,12,1100,1300,1198.33,100,108.5,107.74,,
Location,Report Date,Class Description,Selling Basis Description,Grade Description,Head Count,Weight Range Low,Weight Range High,Weighted Average,Price Low,Price High,Average Price,Comments,Pricing Point
"Sheldon Slaughter Cattle, IA",1/12/2019,Slaughter Steers,Live,Select 2 3,12,1100,1300,1234.5,110,114,111.97,,
"Sheldon Slaughter Cattle, IA",1/12/2019,Slaughter Steers,Live,Select 2 3,16,1300,1500,1383.69,110,115,113.24,,
"Sheldon Slaughter Cattle, IA",1/12/2019,Slaughter Steers,Live,Select 2 3,2,1000,1100,1090,112,112,112,,
"Sheldon Slaughter Cattle, IA",1/12/2019,Slaughter Steers,Live,Select and Choice 2 3,29,1300,1500,1383.9,117,119.5,118.45,,
"Sheldon Slaughter Cattle, IA",1/12/2019,Slaughter Steers,Live,Select and Choice 2 3,9,1100,1300,1289.89,118,119.25,118.98,,
"Sheldon Slaughter Cattle, IA",1/12/2019,Slaughter Steers,Live,Choice 2 4,3,1100,1300,1222,120,120,120,,
"Sheldon Slaughter Cattle, IA",1/12/2019,Slaughter Steers,Live,Choice 2 4,38,1300,1500,1445.16,120,123.25,120.77,,
"Sheldon Slaughter Cattle, IA",1/26/2019,Slaughter Steers,Live,Choice 2 4,6,1100,1300,1241,122,124.75,123.22,,
"Sheldon Slaughter Cattle, IA",1/26/2019,Slaughter Steers,Live,Choice 2 4,24,1300,1500,1381.08,120.25,123,122.42,,
"Sheldon Slaughter Cattle, IA",1/26/2019,Slaughter Steers,Live,Select and Choice 2 3,10,1100,1300,1128.9,116,119,117.67,Value Added,
"Sheldon Slaughter Cattle, IA",1/26/2019,Slaughter Steers,Live,Select and Choice 2 3,5,1300,1500,1330,116,118,117,,
"Sheldon Slaughter Cattle, IA",1/26/2019,Slaughter Steers,Live,Select and Choice 2 3,13,1100,1300,1249.77,118.5,119.5,119.38,,
"Sheldon Slaughter Cattle, IA",1/26/2019,Slaughter Steers,Live,Select 2 3,17,1100,1300,1244.12,113.5,114.5,114.32,,
"Sheldon Slaughter Cattle, IA",2/16/2019,Slaughter Steers,Live,Select and Choice 2 3,18,1300,1500,1389.11,122,125.5,123.77,,
"Sheldon Slaughter Cattle, IA",2/16/2019,Slaughter Steers,Live,Select and Choice 2 3,9,1100,1300,1253.33,121,123,121.77,,
"Sheldon Slaughter Cattle, IA",2/16/2019,Slaughter Steers,Live,Select 2 3,6,1100,1300,1179.83,115,119,116.35,,
"Sheldon Slaughter Cattle, IA",2/16/2019,Slaughter Steers,Live,Select 2 3,35,1300,1500,1428.06,115,117,115.88,,
"Sheldon Slaughter Cattle, IA",2/16/2019,Slaughter Steers,Live,Choice 2 4,29,1300,1500,1402.83,126,128,126.89,,
"Sheldon Slaughter Cattle, IA",2/23/2019,Slaughter Steers,Live,Select and Choice 2 3,11,1100,1300,1249.45,121,124,123.51,,
"Sheldon Slaughter Cattle, IA",2/23/2019,Slaughter Steers,Live,Select 2 3,4,1000,1100,1057.5,110,111,110.5,,
"Sheldon Slaughter Cattle, IA",2/23/2019,Slaughter Steers,Live,Select 2 3,22,1300,1500,1381.55,112,118,114.97,,
"Sheldon Slaughter Cattle, IA",2/23/2019,Slaughter Steers,Live,Select 2 3,29,1100,1300,1262.34,111,115,112.25,,
"Sheldon Slaughter Cattle, IA",2/23/2019,Slaughter Steers,Live,Select and Choice 2 3,15,1300,1500,1458.67,123,124,123.93,,
"Sheldon Slaughter Cattle, IA",2/23/2019,Slaughter Steers,Live,Choice 2 4,33,1300,1500,1447.97,126,128,126.45,,
"Sheldon Slaughter Cattle, IA",3/2/2019,Slaughter Steers,Live,Select and Choice 2 3,1,1100,1300,1275,123,123,123,,
"Sheldon Slaughter Cattle, IA",3/2/2019,Slaughter Steers,Live,Choice 2 4,50,1300,1500,1411.98,126,128.75,126.85,,
"Sheldon Slaughter Cattle, IA",3/2/2019,Slaughter Steers,Live,Select 2 3,24,1300,1500,1355.5,112,118,114.42,,
"Sheldon Slaughter Cattle, IA",3/2/2019,Slaughter Steers,Live,Select 2 3,1,1100,1300,1155,112,112,112,,
"Sheldon Slaughter Cattle, IA",3/2/2019,Slaughter Steers,Live,Select and Choice 2 3,32,1300,1500,1426.59,124.5,125.5,125.08,,
"Sheldon Slaughter Cattle, IA",3/16/2019,Slaughter Steers,Live,Choice 2 4,11,1300,1500,1435,125,125.5,125.46,,
"Sheldon Slaughter Cattle, IA",3/16/2019,Slaughter Steers,Live,Select 2 3,6,1300,1500,1405.5,116,120,118.1,,
"Sheldon Slaughter Cattle, IA",3/16/2019,Slaughter Steers,Live,Select 2 3,1,1100,1300,1225,118,118,118,,
"Sheldon Slaughter Cattle, IA",3/16/2019,Slaughter Steers,Live,Select and Choice 2 3,2,1100,1300,1118,121,121,121,,
"Sheldon Slaughter Cattle, IA",3/16/2019,Slaughter Steers,Live,Select and Choice 2 3,36,1300,1500,1444.67,122,125,122.9,,
"Sheldon Slaughter Cattle, IA",3/23/2019,Slaughter Steers,Live,Choice 2 4,40,1300,1500,1425.03,125,129.25,126.57,,
"Sheldon Slaughter Cattle, IA",3/23/2019,Slaughter Steers,Live,Select and Choice 2 3,19,1300,1500,1353.84,121,124,122.93,,
"Sheldon Slaughter Cattle, IA",3/23/2019,Slaughter Steers,Live,Select and Choice 2 3,14,1100,1300,1263.57,123,124,123.43,,
"Sheldon Slaughter Cattle, IA",3/23/2019,Slaughter Steers,Live,Select 2 3,26,1100,1300,1229.08,110,119,114.39,,
"Sheldon Slaughter Cattle, IA",3/23/2019,Slaughter Steers,Live,Select 2 3,14,1300,1500,1364.07,111,118,114.37,,
"Sheldon Slaughter Cattle, IA",3/23/2019,Slaughter Steers,Live,Choice 2 4,11,1100,1300,1231.64,125.5,128,126.59,,
"Sheldon Slaughter Cattle, IA",3/30/2019,Slaughter Steers,Live,Select and Choice 2 3,3,1300,1500,1436.67,124,124.5,124.17,,
"Sheldon Slaughter Cattle, IA",3/30/2019,Slaughter Steers,Live,Select 2 3,5,1300,1500,1379,110,119,113.53,,
"Sheldon Slaughter Cattle, IA",3/30/2019,Slaughter Steers,Live,Select 2 3,1,1000,1100,1095,118,118,118,,
"Sheldon Slaughter Cattle, IA",3/30/2019,Slaughter Steers,Live,Choice 2 4,15,1300,1500,1406.53,126,131.5,128.13,,
"Sheldon Slaughter Cattle, IA",3/30/2019,Slaughter Steers,Live,Choice 2 4,2,1100,1300,1280,126.5,126.5,126.5,,
"Sheldon Slaughter Cattle, IA",3/30/2019,Slaughter Steers,Live,Select and Choice 2 3,3,1100,1300,1196.67,122,123,122.67,,
"Sheldon Slaughter Cattle, IA",4/20/2019,Slaughter Steers,Live,Select and Choice 2 3,15,1300,1500,1435.67,120,125,123.53,,
"Sheldon Slaughter Cattle, IA",4/20/2019,Slaughter Steers,Live,Select and Choice 2 3,6,1100,1300,1177.83,121,124,122.02,,
"Sheldon Slaughter Cattle, IA",4/20/2019,Slaughter Steers,Live,Select 2 3,4,1100,1300,1237.75,112,114,113.02,,
"Sheldon Slaughter Cattle, IA",4/20/2019,Slaughter Steers,Live,Select 2 3,17,1300,1500,1427.94,110,118,115.3,,
"Sheldon Slaughter Cattle, IA",4/20/2019,Slaughter Steers,Live,Choice 2 4,2,1100,1300,1245,126.5,126.5,126.5,,
"Sheldon Slaughter Cattle, IA",4/20/2019,Slaughter Steers,Live,Choice 2 4,159,1300,1500,1428.91,126,128.85,128.37,,
"Sheldon Slaughter Cattle, IA",4/27/2019,Slaughter Steers,Live,Select and Choice 2 3,30,1300,1500,1401.2,122,127,124.29,,
"Sheldon Slaughter Cattle, IA",4/27/2019,Slaughter Steers,Live,Select 2 3,2,1300,1500,1410,115,115,115,,
"Sheldon Slaughter Cattle, IA",4/27/2019,Slaughter Steers,Live,Choice 2 4,8,1100,1300,1261.88,127,130,128.88,,
"Sheldon Slaughter Cattle, IA",4/27/2019,Slaughter Steers,Live,Choice 2 4,166,1300,1500,1400.33,127.75,132.25,128.53,,
"Sheldon Slaughter Cattle, IA",4/27/2019,Slaughter Steers,Live,Select 2 3,9,1100,1300,1233.78,111,119,117.2,,
"Sheldon Slaughter Cattle, IA",4/27/2019,Slaughter Steers,Live,Select 2 3,1,1000,1100,1065,113,113,113,,
"Sheldon Slaughter Cattle, IA",5/4/2019,Slaughter Steers,Live,Select and Choice 2 3,39,1300,1500,1376.59,120,124.25,121.61,,
"Sheldon Slaughter Cattle, IA",5/4/2019,Slaughter Steers,Live,Select and Choice 2 3,9,1100,1300,1239.56,120,124,120.81,,
"Sheldon Slaughter Cattle, IA",5/4/2019,Slaughter Steers,Live,Select 2 3,5,1100,1300,1221.2,112,115,113.35,,
"Sheldon Slaughter Cattle, IA",5/4/2019,Slaughter Steers,Live,Select 2 3,8,1300,1500,1398.88,109,118,114.09,,
"Sheldon Slaughter Cattle, IA",5/4/2019,Slaughter Steers,Live,Select 2 3,8,1000,1100,1065.38,105,119,113.3,,
"Sheldon Slaughter Cattle, IA",5/4/2019,Slaughter Steers,Live,Choice 2 4,10,1300,1500,1428.1,126.5,127,126.62,,
"Sheldon Slaughter Cattle, IA",5/4/2019,Slaughter Steers,Live,Choice 2 4,3,1100,1300,1256.67,125,125.5,125.33,,
"Sheldon Slaughter Cattle, IA",5/18/2019,Slaughter Steers,Live,Select and Choice 2 3,2,1300,1500,1385,114,114,114,,
"Sheldon Slaughter Cattle, IA",5/18/2019,Slaughter Steers,Live,Select and Choice 2 3,22,1100,1300,1197,111,115.5,113.5,,
"Sheldon Slaughter Cattle, IA",5/18/2019,Slaughter Steers,Live,Select 2 3,6,1300,1500,1335,97.5,105,100.26,,
"Sheldon Slaughter Cattle, IA",5/18/2019,Slaughter Steers,Live,Select 2 3,8,1100,1300,1254.5,96,110,106.62,,
"Sheldon Slaughter Cattle, IA",5/18/2019,Slaughter Steers,Live,Choice 2 4,37,1300,1500,1389.86,117,118.5,117.65,,
"Sheldon Slaughter Cattle, IA",5/25/2019,Slaughter Steers,Live,Choice 2 4,37,1300,1500,1443.14,116,120.75,118.51,,
"Sheldon Slaughter Cattle, IA",5/25/2019,Slaughter Steers,Live,Select 2 3,12,1300,1500,1398.33,103,107,103.9,,
"Sheldon Slaughter Cattle, IA",5/25/2019,Slaughter Steers,Live,Select 2 3,10,1100,1300,1249.9,100,105,102.44,,
"Sheldon Slaughter Cattle, IA",5/25/2019,Slaughter Steers,Live,Select and Choice 2 3,3,1100,1300,1285.33,113,114.5,114.01,,
"Sheldon Slaughter Cattle, IA",5/25/2019,Slaughter Steers,Live,Select and Choice 2 3,23,1300,1500,1417,110,115,114.56,,
"Sheldon Slaughter Cattle, IA",6/1/2019,Slaughter Steers,Live,Choice 2 4,186,1300,1500,1413.7,117,121,117.72,,
"Sheldon Slaughter Cattle, IA",6/1/2019,Slaughter Steers,Live,Choice 2 4,3,1100,1300,1268,115.5,115.5,115.5,,
"Sheldon Slaughter Cattle, IA",6/1/2019,Slaughter Steers,Live,Select and Choice 2 3,69,1300,1500,1406.13,111,115.5,114.19,,
"Sheldon Slaughter Cattle, IA",6/1/2019,Slaughter Steers,Live,Select 2 3,10,1300,1500,1354.6,102,109,106.98,,
"Sheldon Slaughter Cattle, IA",6/1/2019,Slaughter Steers,Live,Select and Choice 2 3,13,1100,1300,1238.08,112,114,112.94,,
"Sheldon Slaughter Cattle, IA",6/1/2019,Slaughter Steers,Live,Select 2 3,6,1100,1300,1101,111,111,111,,
Location,Report Date,Class Description,Selling Basis Description,Grade Description,Head Count,Weight Range Low,Weight Range High,Weighted Average,Price Low,Price High,Average Price,Comments,Pricing Point
"Tama Slaughter, IA",1/5/2019,Slaughter Steers,Live,Choice 2 4,1,1100,1300,1205,122.75,122.75,122.75,,
"Tama Slaughter, IA",1/5/2019,Slaughter Steers,Live,Choice 2 4,40,1300,1500,1413.4,120.85,123,122.18,,
"Tama Slaughter, IA",1/5/2019,Slaughter Steers,Live,Select 2 3,1,1100,1300,1245,108,108,108,,
"Tama Slaughter, IA",1/5/2019,Slaughter Steers,Live,Select and Choice 2 3,16,1300,1500,1402.94,114.5,118.5,117.77,,
"Tama Slaughter, IA",1/5/2019,Slaughter Steers,Live,Select and Choice 2 3,3,1000,1100,1098,121.1,121.1,121.1,,
"Tama Slaughter, IA",1/5/2019,Slaughter Steers,Live,Select and Choice 2 3,8,1100,1300,1262.5,118.5,119.5,119.09,,
"Tama Slaughter, IA",1/12/2019,Slaughter Steers,Live,Select 2 3,3,1100,1300,1161.67,110,117,112.67,,
"Tama Slaughter, IA",1/12/2019,Slaughter Steers,Live,Select and Choice 2 3,15,1100,1300,1233.13,117.5,121.75,120.17,,
"Tama Slaughter, IA",1/12/2019,Slaughter Steers,Live,Select and Choice 2 3,14,1300,1500,1363.29,119,120,119.43,,
"Tama Slaughter, IA",1/12/2019,Slaughter Steers,Live,Choice 2 4,6,1100,1300,1267.83,123,125.25,124.67,,
"Tama Slaughter, IA",1/12/2019,Slaughter Steers,Live,Choice 2 4,88,1300,1500,1417.82,122.25,126.5,124.81,,
"Tama Slaughter, IA",1/12/2019,Slaughter Steers,Live,Select 2 3,1,1000,1100,1040,118,118,118,,
"Tama Slaughter, IA",1/19/2019,Slaughter Steers,Live,Choice 2 4,9,1100,1300,1250,123,126.5,125.09,,
"Tama Slaughter, IA",1/19/2019,Slaughter Steers,Live,Select 2 3,15,1100,1300,1155.33,122.25,129.75,127.43,,
"Tama Slaughter, IA",1/19/2019,Slaughter Steers,Live,Select and Choice 2 3,3,1100,1300,1282,121.5,122,121.83,,
"Tama Slaughter, IA",1/19/2019,Slaughter Steers,Live,Select and Choice 2 3,11,1300,1500,1382.64,120,121.5,120.26,,
"Tama Slaughter, IA",1/19/2019,Slaughter Steers,Live,Select 2 3,8,1000,1100,1001,133.25,133.25,133.25,,
"Tama Slaughter, IA",1/19/2019,Slaughter Steers,Live,Choice 2 4,79,1300,1500,1403.62,122.25,128,126.16,,
"Tama Slaughter, IA",1/26/2019,Slaughter Steers,Live,Select and Choice 2 3,14,1300,1500,1382.93,120,124.5,123.51,,
"Tama Slaughter, IA",1/26/2019,Slaughter Steers,Live,Choice 2 4,82,1300,1500,1395.65,125,129.75,128.87,,
"Tama Slaughter, IA",1/26/2019,Slaughter Steers,Live,Select and Choice 2 3,1,1000,1100,1080,121,121,121,,
"Tama Slaughter, IA",1/26/2019,Slaughter Steers,Live,Select and Choice 2 3,9,1100,1300,1144,117,123.25,121.8,,
"Tama Slaughter, IA",1/26/2019,Slaughter Steers,Live,Choice 2 4,48,1100,1300,1254.75,127,129.75,127.29,,
"Tama Slaughter, IA",2/9/2019,Slaughter Steers,Live,Choice 2 4,114,1300,1500,1388.95,123.75,128,125.33,,
"Tama Slaughter, IA",2/9/2019,Slaughter Steers,Live,Select 2 3,6,1100,1300,1159.33,110,116,112.58,,
"Tama Slaughter, IA",2/9/2019,Slaughter Steers,Live,Select and Choice 2 3,64,1100,1300,1248.72,120,123.5,122.06,,
"Tama Slaughter, IA",2/9/2019,Slaughter Steers,Live,Select and Choice 2 3,16,1300,1500,1413.88,119.5,123,120.98,,
"Tama Slaughter, IA",2/9/2019,Slaughter Steers,Live,Select 2 3,2,1000,1100,1038,117.5,117.5,117.5,,
"Tama Slaughter, IA",3/2/2019,Slaughter Steers,Live,Select and Choice 2 3,11,1100,1300,1225.64,120,127.5,123.25,,
"Tama Slaughter, IA",3/2/2019,Slaughter Steers,Live,Select and Choice 2 3,11,1300,1500,1390.09,120,126.5,122.34,,
"Tama Slaughter, IA",3/2/2019,Slaughter Steers,Live,Select 2 3,9,1100,1300,1214.89,115,126.5,122.26,,
"Tama Slaughter, IA",3/2/2019,Slaughter Steers,Live,Select 2 3,2,1000,1100,1068,125.25,125.25,125.25,,
"Tama Slaughter, IA",3/2/2019,Slaughter Steers,Live,Choice 2 4,92,1300,1500,1429.51,127,133,129.83,,
"Tama Slaughter, IA",3/9/2019,Slaughter Steers,Live,Select and Choice 2 3,1,1000,1100,1065,122.5,122.5,122.5,,
"Tama Slaughter, IA",3/9/2019,Slaughter Steers,Live,Choice 2 4,5,1100,1300,1284.8,127,129,128.16,,
"Tama Slaughter, IA",3/9/2019,Slaughter Steers,Live,Select and Choice 2 3,2,1100,1300,1210,122,124,122.98,,
"Tama Slaughter, IA",3/9/2019,Slaughter Steers,Live,Choice 2 4,44,1300,1500,1421.34,127,133.75,130.81,,
"Tama Slaughter, IA",3/16/2019,Slaughter Steers,Live,Select and Choice 2 3,1,1000,1100,1050,120,120,120,,
"Tama Slaughter, IA",3/16/2019,Slaughter Steers,Live,Select and Choice 2 3,4,1100,1300,1215,121,127,123.79,,
"Tama Slaughter, IA",3/16/2019,Slaughter Steers,Live,Choice 2 4,23,1100,1300,1255.7,124.75,129,127.8,,
"Tama Slaughter, IA",3/16/2019,Slaughter Steers,Live,Select and Choice 2 3,5,1300,1500,1381.2,121.5,124,123.01,,
"Tama Slaughter, IA",3/16/2019,Slaughter Steers,Live,Choice 2 4,132,1300,1500,1420.5,124.5,131.75,128.56,,
"Tama Slaughter, IA",3/23/2019,Slaughter Steers,Live,Select and Choice 2 3,26,1300,1500,1347.08,123,124.25,124.17,,
"Tama Slaughter, IA",3/23/2019,Slaughter Steers,Live,Select 2 3,1,1100,1300,1235,117,117,117,,
"Tama Slaughter, IA",3/23/2019,Slaughter Steers,Live,Select and Choice 2 3,29,1100,1300,1205.97,120,124,123.4,,
"Tama Slaughter, IA",3/23/2019,Slaughter Steers,Live,Select 2 3,1,1300,1500,1345,119,119,119,,
"Tama Slaughter, IA",3/23/2019,Slaughter Steers,Live,Choice 2 4,150,1300,1500,1405.87,125,131.5,127.28,,
"Tama Slaughter, IA",3/23/2019,Slaughter Steers,Live,Choice 2 4,11,1100,1300,1242.27,127.75,129.75,129,,
"Tama Slaughter, IA",3/30/2019,Slaughter Steers,Live,Choice 2 4,23,1100,1300,1251.04,126.85,131.5,127.64,,
"Tama Slaughter, IA",3/30/2019,Slaughter Steers,Live,Select and Choice 2 3,1,1100,1300,1175,124.5,124.5,124.5,,
"Tama Slaughter, IA",3/30/2019,Slaughter Steers,Live,Select 2 3,6,1100,1300,1126,112.5,118.5,116.01,,
"Tama Slaughter, IA",3/30/2019,Slaughter Steers,Live,Select 2 3,5,1000,1100,1097,112.5,112.5,112.5,,
"Tama Slaughter, IA",3/30/2019,Slaughter Steers,Live,Choice 2 4,139,1300,1500,1379.71,125.25,131.35,128.05,,
"Tama Slaughter, IA",3/30/2019,Slaughter Steers,Live,Select and Choice 2 3,1,1300,1500,1325,120,120,120,,
"Tama Slaughter, IA",4/6/2019,Slaughter Steers,Live,Select and Choice 2 3,2,1300,1500,1410,124.75,124.75,124.75,,
"Tama Slaughter, IA",4/6/2019,Slaughter Steers,Live,Choice 2 4,139,1300,1500,1402.73,125,132,128.9,,
"Tama Slaughter, IA",4/6/2019,Slaughter Steers,Live,Choice 2 4,41,1100,1300,1264.71,126.75,130,128.8,,
"Tama Slaughter, IA",4/6/2019,Slaughter Steers,Live,Select and Choice 2 3,10,1100,1300,1183.5,120,128.5,124.35,,
"Tama Slaughter, IA",4/13/2019,Slaughter Steers,Live,Choice 2 4,9,1100,1300,1270,131.25,132.75,132.08,,
"Tama Slaughter, IA",4/13/2019,Slaughter Steers,Live,Choice 2 4,22,1300,1500,1393.86,128.6,134,130.55,,
"Tama Slaughter, IA",4/13/2019,Slaughter Steers,Live,Choice 2 4,1,1300,1500,1465,136,136,136,High Dressing,
"Tama Slaughter, IA",4/13/2019,Slaughter Steers,Live,Select 2 3,1,1100,1300,1275,117,117,117,,
"Tama Slaughter, IA",4/13/2019,Slaughter Steers,Live,Select and Choice 2 3,1,1100,1300,1215,127,127,127,,
"Tama Slaughter, IA",4/20/2019,Slaughter Steers,Live,Choice 2 4,18,1300,1500,1431.67,130,133.5,132.85,,
"Tama Slaughter, IA",4/20/2019,Slaughter Steers,Live,Select and Choice 2 3,1,1100,1300,1285,123,123,123,,
"Tama Slaughter, IA",4/27/2019,Slaughter Steers,Live,Choice 2 4,58,1300,1500,1372.81,129,134.25,132.43,,
"Tama Slaughter, IA",4/27/2019,Slaughter Steers,Live,Choice 2 4,48,1100,1300,1270.15,130,131.5,130.81,,
"Tama Slaughter, IA",4/27/2019,Slaughter Steers,Live,Select and Choice 2 3,3,1100,1300,1243.33,125,128.75,126.63,,
"Tama Slaughter, IA",4/27/2019,Slaughter Steers,Live,Select and Choice 2 3,1,1300,1500,1405,128,128,128,,
"Tama Slaughter, IA",4/27/2019,Slaughter Steers,Live,Select and Choice 2 3,1,1000,1100,1095,123,123,123,,
"Tama Slaughter, IA",5/4/2019,Slaughter Steers,Live,Select and Choice 2 3,6,1300,1500,1352.5,125,126.5,126.08,,
"Tama Slaughter, IA",5/4/2019,Slaughter Steers,Live,Select 2 3,1,1100,1300,1265,116,116,116,,
"Tama Slaughter, IA",5/4/2019,Slaughter Steers,Live,Choice 2 4,25,1300,1500,1377.64,127,130,128.42,,
"Tama Slaughter, IA",5/4/2019,Slaughter Steers,Live,Choice 2 4,6,1100,1300,1249.33,127.5,127.5,127.5,,
"Tama Slaughter, IA",5/4/2019,Slaughter Steers,Live,Select and Choice 2 3,53,1100,1300,1248.96,123,126,125.42,,
"Tama Slaughter, IA",5/4/2019,Slaughter Steers,Live,Select and Choice 2 3,1,1000,1100,1095,125,125,125,,
"Tama Slaughter, IA",5/11/2019,Slaughter Steers,Live,Choice 2 4,57,1300,1500,1379.7,124.75,128.25,125.95,,
"Tama Slaughter, IA",5/11/2019,Slaughter Steers,Live,Select and Choice 2 3,24,1100,1300,1278.92,119,123.25,121.65,,
"Tama Slaughter, IA",5/11/2019,Slaughter Steers,Live,Select and Choice 2 3,1,1000,1100,1085,120,120,120,,
"Tama Slaughter, IA",5/11/2019,Slaughter Steers,Live,Select and Choice 2 3,15,1300,1500,1410.93,119,122,120.26,,
"Tama Slaughter, IA",5/11/2019,Slaughter Steers,Live,Choice 2 4,14,1100,1300,1277.64,124,127.6,126.14,,
"Tama Slaughter, IA",5/18/2019,Slaughter Steers,Live,Select and Choice 2 3,6,1300,1500,1380.17,115,118,117.01,,
"Tama Slaughter, IA",5/18/2019,Slaughter Steers,Live,Choice 2 4,64,1300,1500,1388.64,119.75,124,122.3,,
"Tama Slaughter, IA",5/18/2019,Slaughter Steers,Live,Select and Choice 2 3,19,1100,1300,1209.84,115,120.5,117.86,,
"Tama Slaughter, IA",5/18/2019,Slaughter Steers,Live,Choice 2 4,9,1100,1300,1255.56,120,122.5,121.09,,
"Tama Slaughter, IA",5/25/2019,Slaughter Steers,Live,Choice 2 4,23,1100,1300,1243.35,119.5,123,121.15,,
"Tama Slaughter, IA",5/25/2019,Slaughter Steers,Live,Choice 2 4,60,1300,1500,1376.53,119.5,124,122.15,,
"Tama Slaughter, IA",5/25/2019,Slaughter Steers,Live,Select and Choice 2 3,10,1100,1300,1221.8,115,121.25,117.82,,
"Tama Slaughter, IA",5/25/2019,Slaughter Steers,Live,Select and Choice 2 3,3,1300,1500,1338.33,114.5,116,115.16,,
"Tama Slaughter, IA",5/25/2019,Slaughter Steers,Live,Select and Choice 2 3,2,1000,1100,1050,114.5,114.5,114.5,,
"Tama Slaughter, IA",6/1/2019,Slaughter Steers,Live,Choice 2 4,19,1100,1300,1255.37,119.25,122.5,120.81,,
"Tama Slaughter, IA",6/1/2019,Slaughter Steers,Live,Choice 2 4,101,1300,1500,1385.18,119.35,125,121.18,,
"Tama Slaughter, IA",6/1/2019,Slaughter Steers,Live,Select and Choice 2 3,7,1100,1300,1236.57,116,119,117.7,,
"Tama Slaughter, IA",6/1/2019,Slaughter Steers,Live,Select and Choice 2 3,9,1300,1500,1388.67,114,118.75,117.36,,
"Tama Slaughter, IA",6/1/2019,Slaughter Steers,Live,Select 2 3,2,1100,1300,1177.5,100,102,101.02,,
Location,Report Date,Class Description,Selling Basis Description,Grade Description,Head Count,Weight Range Low,Weight Range High,Weighted Average,Price Low,Price High,Average Price,Comments,Pricing Point
"Fairview, IL",1/12/2019,Slaughter Steers,Live,Choice 2 4,66,1300,1500,1379.15,115.5,121.5,118.91,,
"Fairview, IL",1/12/2019,Slaughter Steers,Live,Choice 2 4,5,1300,1500,1423.8,107.5,114,111.34,Low Dressing,
"Fairview, IL",1/12/2019,Slaughter Steers,Live,Select and Choice 2 3,10,1100,1300,1199,99,114.5,109.77,,
"Fairview, IL",1/12/2019,Slaughter Steers,Live,Select and Choice 2 3,3,1300,1500,1343.33,105,114.5,111.1,,
"Fairview, IL",1/12/2019,Slaughter Steers,Live,Select 1 2,1,1100,1200,1130,85,85,85,,
"Fairview, IL",1/12/2019,Slaughter Steers,Live,Choice 2 4,23,1100,1300,1213.09,115,120,117.27,,
"Fairview, IL",1/12/2019,Slaughter Steers,Live,Choice 2 4,2,1100,1300,1250,122,122,122,High Dressing,
"Fairview, IL",1/12/2019,Slaughter Steers,Live,Choice 2 4,3,1100,1300,1240,107.5,111.5,110.11,Low Dressing,
"Fairview, IL",1/12/2019,Slaughter Steers,Live,Choice 2 4,8,1300,1500,1399.63,122.25,124,122.79,High Dressing,
"Fairview, IL",1/19/2019,Slaughter Steers,Live,Choice 2 4,8,1100,1300,1225,122,125,123.65,,
"Fairview, IL",1/19/2019,Slaughter Steers,Live,Choice 2 4,52,1300,1500,1414.08,120.5,126,123.16,,
"Fairview, IL",1/26/2019,Slaughter Steers,Live,Choice 2 4,7,1100,1300,1263.43,122.5,128,125.38,,
"Fairview, IL",1/26/2019,Slaughter Steers,Live,Choice 2 4,1,1300,1500,1465,130,130,130,High Dressing,
"Fairview, IL",1/26/2019,Slaughter Steers,Live,Choice 2 4,20,1300,1500,1395.15,123,129,125.63,,
"Fairview, IL",1/26/2019,Slaughter Steers,Live,Select and Choice 2 3,2,1300,1500,1360,108,117.5,112.78,,
"Fairview, IL",1/26/2019,Slaughter Steers,Live,Select and Choice 2 3,1,1100,1300,1205,118.5,118.5,118.5,,
"Fairview, IL",2/9/2019,Slaughter Steers,Live,Select and Choice 2 3,7,1100,1300,1164.14,116,120.5,118.04,,
"Fairview, IL",2/9/2019,Slaughter Steers,Live,Choice 2 4,1,1100,1300,1220,122.5,122.5,122.5,Low Dressing,
"Fairview, IL",2/9/2019,Slaughter Steers,Live,Choice 2 4,2,1100,1300,1245,126.5,129,127.8,,
"Fairview, IL",2/9/2019,Slaughter Steers,Live,Choice 2 4,74,1300,1500,1414.01,124,130,126.27,,
"Fairview, IL",2/9/2019,Slaughter Steers,Live,Choice 2 4,7,1300,1500,1394.29,109.5,123.5,119.95,Low Dressing,
"Fairview, IL",2/9/2019,Slaughter Steers,Live,Choice 2 4,1,1000,1100,1040,124,124,124,,
"Fairview, IL",2/9/2019,Slaughter Steers,Live,Select and Choice 2 3,12,1300,1500,1364.58,110,123.5,120.72,,
"Fairview, IL",2/16/2019,Slaughter Steers,Live,Choice 2 4,33,1300,1500,1405.36,123,129.25,126.52,,
"Fairview, IL",2/16/2019,Slaughter Steers,Live,Select and Choice 2 3,2,1300,1500,1387.5,119.5,120.5,120.01,,
"Fairview, IL",2/16/2019,Slaughter Steers,Live,Select and Choice 2 3,1,1000,1100,1035,117.5,117.5,117.5,,
"Fairview, IL",2/16/2019,Slaughter Steers,Live,Select and Choice 2 3,4,1100,1300,1173.5,115.5,122.5,120.51,,
"Fairview, IL",2/16/2019,Slaughter Steers,Live,Choice 2 4,3,1100,1300,1200,123.5,128,125.32,,
"Fairview, IL",2/23/2019,Slaughter Steers,Live,Select 1 2,1,1100,1200,1190,64,64,64,,
"Fairview, IL",2/23/2019,Slaughter Steers,Live,Choice 2 4,1,1100,1300,1290,124,124,124,Low Dressing,
"Fairview, IL",2/23/2019,Slaughter Steers,Live,Choice 2 4,32,1300,1500,1417.56,125.5,130,127.95,,
"Fairview, IL",2/23/2019,Slaughter Steers,Live,Choice 2 4,5,1300,1500,1427.8,122.5,125.5,124.2,Low Dressing,
"Fairview, IL",2/23/2019,Slaughter Steers,Live,Select and Choice 2 3,2,1300,1500,1345,122.5,124.5,123.49,,
"Fairview, IL",2/23/2019,Slaughter Steers,Live,Choice 2 4,1,1100,1300,1295,127,127,127,,
"Fairview, IL",2/23/2019,Slaughter Steers,Live,Select and Choice 2 3,2,1100,1300,1202.5,109,123.5,116.75,,
"Fairview, IL",3/2/2019,Slaughter Steers,Live,Select and Choice 2 3,2,1100,1300,1242.5,124,124,124,,
"Fairview, IL",3/2/2019,Slaughter Steers,Live,Choice 2 4,1,1100,1300,1245,126.5,126.5,126.5,,
"Fairview, IL",3/2/2019,Slaughter Steers,Live,Choice 2 4,13,1300,1500,1428.62,126,131.5,129.25,,
"Fairview, IL",3/2/2019,Slaughter Steers,Live,Select and Choice 2 3,1,1000,1100,1090,120,120,120,,
"Fairview, IL",3/16/2019,Slaughter Steers,Live,Choice 2 4,1,1300,1500,1480,124,124,124,Low Dressing,
"Fairview, IL",3/16/2019,Slaughter Steers,Live,Choice 2 4,23,1300,1500,1404.91,126.5,132,129.44,,
"Fairview, IL",3/16/2019,Slaughter Steers,Live,Choice 2 4,4,1300,1500,1386,133.5,134,133.74,High Dressing,
"Fairview, IL",3/16/2019,Slaughter Steers,Live,Choice 2 4,3,1100,1300,1165,123,124.5,123.49,Low Dressing,
"Fairview, IL",3/16/2019,Slaughter Steers,Live,Select and Choice 2 3,1,1100,1300,1100,118,118,118,,
"Fairview, IL",3/16/2019,Slaughter Steers,Live,Select and Choice 2 3,2,1000,1100,1072,104,104,104,,
"Fairview, IL",3/16/2019,Slaughter Steers,Live,Choice 2 4,4,1100,1300,1274.5,127.5,128.5,128,,
"Fairview, IL",3/30/2019,Slaughter Steers,Live,Choice 2 4,42,1300,1500,1423.81,127,132,130.23,,
"Fairview, IL",3/30/2019,Slaughter Steers,Live,Choice 2 4,3,1300,1500,1361.33,123.5,123.5,123.5,Low Dressing,
"Fairview, IL",3/30/2019,Slaughter Steers,Live,Choice 2 4,23,1100,1300,1249.04,125.5,130.75,128.33,,
"Fairview, IL",3/30/2019,Slaughter Steers,Live,Select and Choice 2 3,1,1100,1300,1210,124.5,124.5,124.5,,
"Fairview, IL",4/6/2019,Slaughter Steers,Live,Choice 2 4,15,1100,1300,1246,127.5,133.75,129.43,,
"Fairview, IL",4/6/2019,Slaughter Steers,Live,Choice 2 4,3,1100,1300,1198.33,124.5,125.5,125.18,Low Dressing,
"Fairview, IL",4/6/2019,Slaughter Steers,Live,Choice 2 4,1,1300,1500,1405,122.5,122.5,122.5,Low Dressing,
"Fairview, IL",4/6/2019,Slaughter Steers,Live,Choice 2 4,26,1300,1500,1412,129,133.5,131.74,,
"Fairview, IL",4/13/2019,Slaughter Steers,Live,Choice 2 4,1,1300,1500,1310,134.5,134.5,134.5,High Dressing,
"Fairview, IL",4/13/2019,Slaughter Steers,Live,Choice 2 4,25,1300,1500,1380.96,127,133,130.43,,
"Fairview, IL",4/13/2019,Slaughter Steers,Live,Choice 2 4,1,1300,1500,1325,125,125,125,Low Dressing,
"Fairview, IL",4/13/2019,Slaughter Steers,Live,Select and Choice 2 3,2,1300,1500,1447.5,123.5,126,124.73,,
"Fairview, IL",4/13/2019,Slaughter Steers,Live,Select and Choice 2 3,1,1000,1100,1065,126,126,126,,
"Fairview, IL",4/13/2019,Slaughter Steers,Live,Select and Choice 2 3,8,1100,1300,1186.13,117.5,124.5,122.8,,
"Fairview, IL",4/13/2019,Slaughter Steers,Live,Select and Choice 2 3,1,1100,1300,1115,94,94,94,Low Dressing,
"Fairview, IL",4/13/2019,Slaughter Steers,Live,Choice 2 4,9,1100,1300,1228.56,128.5,132.5,130.95,,
"Fairview, IL",4/20/2019,Slaughter Steers,Live,Choice 2 4,1,1300,1500,1485,134.5,134.5,134.5,High Dressing,
"Fairview, IL",4/20/2019,Slaughter Steers,Live,Select and Choice 2 3,2,1000,1100,1015,113,117,114.97,,
"Fairview, IL",4/20/2019,Slaughter Steers,Live,Choice 2 4,1,1100,1300,1205,124,124,124,Low Dressing,
"Fairview, IL",4/20/2019,Slaughter Steers,Live,Choice 2 4,3,1100,1300,1215,126.5,129,127.36,,
"Fairview, IL",4/20/2019,Slaughter Steers,Live,Select and Choice 2 3,4,1100,1300,1172.25,117,118,117.51,,
"Fairview, IL",4/20/2019,Slaughter Steers,Live,Choice 2 4,20,1300,1500,1359.3,128.5,132.5,131.47,,
"Fairview, IL",4/27/2019,Slaughter Steers,Live,Choice 2 4,1,1100,1300,1250,126,126,126,Low Dressing,
"Fairview, IL",4/27/2019,Slaughter Steers,Live,Select and Choice 2 3,1,1300,1500,1305,126.5,126.5,126.5,,
"Fairview, IL",4/27/2019,Slaughter Steers,Live,Select and Choice 2 3,1,1000,1100,1060,117,117,117,,
"Fairview, IL",4/27/2019,Slaughter Steers,Live,Choice 2 4,6,1100,1300,1275.83,128,133.5,131.48,,
"Fairview, IL",4/27/2019,Slaughter Steers,Live,Choice 2 4,15,1300,1500,1395.93,130.5,135.5,132.87,,
"Fairview, IL",4/27/2019,Slaughter Steers,Live,Choice 2 4,4,1300,1500,1487,137.5,137.5,137.5,High Dressing,
"Fairview, IL",5/4/2019,Slaughter Steers,Live,Choice 2 4,22,1100,1300,1216.45,125,130,127.82,,
"Fairview, IL",5/4/2019,Slaughter Steers,Live,Select and Choice 2 3,2,1300,1500,1352.5,122,123,122.51,,
"Fairview, IL",5/4/2019,Slaughter Steers,Live,Select and Choice 2 3,1,1000,1100,1075,120,120,120,,
"Fairview, IL",5/4/2019,Slaughter Steers,Live,Select and Choice 2 3,2,1100,1300,1157.5,123.5,124,123.74,,
"Fairview, IL",5/4/2019,Slaughter Steers,Live,Choice 2 4,28,1300,1500,1404.79,127.5,132.5,130,,
"Fairview, IL",5/11/2019,Slaughter Steers,Live,Choice 2 4,21,1300,1500,1369.05,122,125.5,124.37,,
"Fairview, IL",5/11/2019,Slaughter Steers,Live,Choice 2 4,20,1100,1300,1241.8,121,125.25,123.73,,
"Fairview, IL",5/11/2019,Slaughter Steers,Live,Select 1 2,1,1000,1100,1015,68,68,68,,
"Fairview, IL",5/11/2019,Slaughter Steers,Live,Select and Choice 2 3,4,1000,1100,1073.5,109.5,119.5,112.56,,
"Fairview, IL",5/11/2019,Slaughter Steers,Live,Select and Choice 2 3,2,1300,1500,1395,111,113.5,112.32,,
"Fairview, IL",5/11/2019,Slaughter Steers,Live,Select and Choice 2 3,1,1300,1500,1330,94.5,94.5,94.5,Low Dressing,
"Fairview, IL",5/11/2019,Slaughter Steers,Live,Select and Choice 2 3,9,1100,1300,1163.89,103,119.5,111.1,,
Location,Report Date,Class Description,Selling Basis Description,Grade Description,Head Count,Weight Range Low,Weight Range High,Weighted Average,Price Low,Price High,Average Price,Comments,Pricing Point
"Greenville, IL",1/5/2019,Slaughter Steers,Live,Choice 2 4,1,1100,1300,1255,110,110,110,Low Dressing,
"Greenville, IL",1/5/2019,Slaughter Steers,Live,Choice 2 4,1,1000,1100,1085,116,116,116,,
"Greenville, IL",1/5/2019,Slaughter Steers,Live,Choice 2 4,1,1000,1100,1040,105,105,105,Low Dressing,
"Greenville, IL",1/5/2019,Slaughter Steers,Live,Choice 2 4,29,1100,1300,1241.03,115,121,117.01,,
"Greenville, IL",1/5/2019,Slaughter Steers,Live,Select and Choice 2 3,1,1000,1100,1065,102,102,102,,
"Greenville, IL",1/5/2019,Slaughter Steers,Live,Choice 2 4,10,1300,1500,1419,122,125,123.61,High Dressing,
"Greenville, IL",1/5/2019,Slaughter Steers,Live,Choice 2 4,11,1300,1500,1425,110,114,111.65,Low Dressing,
"Greenville, IL",1/5/2019,Slaughter Steers,Live,Select and Choice 2 3,3,1100,1300,1213.33,95,114,107.24,,
"Greenville, IL",1/5/2019,Slaughter Steers,Live,Select and Choice 2 3,3,1300,1500,1365,112,112,112,,
"Greenville, IL",1/5/2019,Slaughter Steers,Live,Choice 2 4,51,1300,1500,1390,115,121,117.78,,
"Greenville, IL",1/19/2019,Slaughter Steers,Live,Choice 2 4,91,1300,1500,1382.47,120,125,122.68,,
"Greenville, IL",1/19/2019,Slaughter Steers,Live,Choice 2 4,4,1300,1500,1370,115,118,116.73,Low Dressing,
"Greenville, IL",1/19/2019,Slaughter Steers,Live,Choice 2 4,12,1300,1500,1402.92,126,128,127.02,High Dressing,
"Greenville, IL",1/19/2019,Slaughter Steers,Live,Choice 2 4,50,1100,1300,1243.6,119,125,121.74,,
"Greenville, IL",1/19/2019,Slaughter Steers,Live,Select and Choice 2 3,2,1300,1500,1357.5,100,117,108.61,,
"Greenville, IL",1/19/2019,Slaughter Steers,Live,Select and Choice 2 3,2,1100,1300,1235,105,110,107.58,,
"Greenville, IL",1/19/2019,Slaughter Steers,Live,Select 1 2,1,1100,1200,1170,71,71,71,,
"Greenville, IL",1/19/2019,Slaughter Steers,Live,Select 1 2,1,1000,1100,1015,86,86,86,,
"Greenville, IL",1/19/2019,Slaughter Steers,Live,Choice 2 4,3,1000,1100,1068.33,123,125,124,,
"Greenville, IL",1/19/2019,Slaughter Steers,Live,Choice 2 4,3,1100,1300,1226.67,108,117,114.16,Low Dressing,
"Greenville, IL",1/19/2019,Slaughter Steers,Live,Choice 2 4,2,1100,1300,1277.5,126,127,126.5,High Dressing,
"Greenville, IL",1/26/2019,Slaughter Steers,Live,Choice 2 4,7,1300,1500,1394.29,110,121,115.59,Low Dressing,
"Greenville, IL",1/26/2019,Slaughter Steers,Live,Choice 2 4,4,1300,1500,1401.25,130,130,130,High Dressing,
"Greenville, IL",1/26/2019,Slaughter Steers,Live,Choice 2 4,61,1300,1500,1381.64,122,128,124.67,,
"Greenville, IL",1/26/2019,Slaughter Steers,Live,Choice 2 4,4,1100,1300,1270,105,121,113.93,Low Dressing,
"Greenville, IL",1/26/2019,Slaughter Steers,Live,Choice 2 4,23,1100,1300,1254.13,122,126,124.31,,
"Greenville, IL",1/26/2019,Slaughter Steers,Live,Select and Choice 2 3,10,1100,1300,1200.5,105,121,114.71,,
"Greenville, IL",1/26/2019,Slaughter Steers,Live,Select and Choice 2 3,1,1300,1500,1315,120,120,120,,
"Greenville, IL",2/2/2019,Slaughter Steers,Live,Choice 2 4,10,1100,1300,1247,112,123,119.89,Low Dressing,
"Greenville, IL",2/2/2019,Slaughter Steers,Live,Choice 2 4,7,1100,1300,1230,124,130,125.73,,
"Greenville, IL",2/2/2019,Slaughter Steers,Live,Choice 2 4,1,1000,1100,1070,128,128,128,,
"Greenville, IL",2/2/2019,Slaughter Steers,Live,Choice 2 4,5,1300,1500,1410,124,125,124.8,,
"Greenville, IL",2/2/2019,Slaughter Steers,Live,Choice 2 4,3,1300,1500,1386.67,120,122,120.69,Low Dressing,
"Greenville, IL",2/2/2019,Slaughter Steers,Live,Select and Choice 2 3,1,1000,1100,1085,96,96,96,,
"Greenville, IL",2/2/2019,Slaughter Steers,Live,Select and Choice 2 3,2,1300,1500,1450,95,120,107.63,,
"Greenville, IL",2/2/2019,Slaughter Steers,Live,Select and Choice 2 3,3,1100,1300,1211.67,114,118,116.01,,
"Greenville, IL",2/9/2019,Slaughter Steers,Live,Select and Choice 2 3,2,1100,1300,1192.5,100,112,106.16,,
"Greenville, IL",2/9/2019,Slaughter Steers,Live,Select 1 2,1,1100,1200,1185,71,71,71,,
"Greenville, IL",2/9/2019,Slaughter Steers,Live,Choice 2 4,31,1100,1300,1231.29,123,128,124.52,,
"Greenville, IL",2/9/2019,Slaughter Steers,Live,Choice 2 4,4,1100,1300,1207.5,122,122,122,Low Dressing,
"Greenville, IL",2/9/2019,Slaughter Steers,Live,Choice 2 4,61,1300,1500,1380.57,123,128,125.49,,
"Greenville, IL",2/9/2019,Slaughter Steers,Live,Choice 2 4,1,1100,1300,1165,130,130,130,High Dressing,
"Greenville, IL",2/9/2019,Slaughter Steers,Live,Choice 2 4,2,1300,1500,1447.5,130,130,130,High Dressing,
"Greenville, IL",2/9/2019,Slaughter Steers,Live,Choice 2 4,8,1300,1500,1383.75,120,122,121.11,Low Dressing,
"Greenville, IL",2/9/2019,Slaughter Steers,Live,Choice 2 4,2,1000,1100,1057.5,124,129,126.59,,
"Greenville, IL",2/16/2019,Slaughter Steers,Live,Choice 2 4,1,1300,1500,1355,132,132,132,High Dressing,
"Greenville, IL",2/16/2019,Slaughter Steers,Live,Choice 2 4,7,1300,1500,1438.57,120,123,121.71,Low Dressing,
"Greenville, IL",2/16/2019,Slaughter Steers,Live,Select and Choice 2 3,1,1300,1500,1325,105,105,105,,
"Greenville, IL",2/16/2019,Slaughter Steers,Live,Choice 2 4,70,1300,1500,1387.93,124,130,127,,
"Greenville, IL",2/16/2019,Slaughter Steers,Live,Choice 2 4,10,1100,1300,1245.5,110,123,118.39,Low Dressing,
"Greenville, IL",2/16/2019,Slaughter Steers,Live,Choice 2 4,44,1100,1300,1238.75,124,130,125.6,,
"Greenville, IL",2/16/2019,Slaughter Steers,Live,Select and Choice 2 3,2,1100,1300,1210,117,123,120.04,,
"Greenville, IL",3/2/2019,Slaughter Steers,Live,Choice 2 4,16,1100,1300,1220.94,110,124,120.87,Low Dressing,
"Greenville, IL",3/2/2019,Slaughter Steers,Live,Choice 2 4,1,1100,1300,1220,133,133,133,High Dressing,
"Greenville, IL",3/2/2019,Slaughter Steers,Live,Select and Choice 2 3,4,1300,1500,1363.75,115,123,119.45,,
"Greenville, IL",3/2/2019,Slaughter Steers,Live,Select and Choice 2 3,6,1100,1300,1221.67,112,120,116.24,,
"Greenville, IL",3/2/2019,Slaughter Steers,Live,Choice 2 4,14,1300,1500,1376.43,115,124,121.14,Low Dressing,
"Greenville, IL",3/2/2019,Slaughter Steers,Live,Choice 2 4,53,1300,1500,1380,125,131,127.65,,
"Greenville, IL",3/2/2019,Slaughter Steers,Live,Choice 2 4,1,1300,1500,1425,132,132,132,High Dressing,
"Greenville, IL",3/2/2019,Slaughter Steers,Live,Choice 2 4,26,1100,1300,1248.27,125,131,126.28,,
"Greenville, IL",3/9/2019,Slaughter Steers,Live,Choice 2 4,1,1300,1500,1355,134,134,134,High Dressing,
"Greenville, IL",3/9/2019,Slaughter Steers,Live,Choice 2 4,42,1100,1300,1212.86,126,132,128.26,,
"Greenville, IL",3/9/2019,Slaughter Steers,Live,Choice 2 4,1,1100,1300,1115,134,134,134,High Dressing,
"Greenville, IL",3/9/2019,Slaughter Steers,Live,Choice 2 4,9,1300,1500,1408.89,105,125,121.74,Low Dressing,
"Greenville, IL",3/9/2019,Slaughter Steers,Live,Choice 2 4,10,1100,1300,1218.5,110,125,117.98,Low Dressing,
"Greenville, IL",3/9/2019,Slaughter Steers,Live,Choice 2 4,2,1000,1100,1075,128,130,129,,
"Greenville, IL",3/9/2019,Slaughter Steers,Live,Select and Choice 2 3,4,1100,1300,1171.25,110,122,118.11,,
"Greenville, IL",3/9/2019,Slaughter Steers,Live,Select and Choice 2 3,2,1100,1300,1230,91,93,92.02,Low Dressing,
"Greenville, IL",3/9/2019,Slaughter Steers,Live,Select and Choice 2 3,1,1000,1100,1045,108,108,108,,
"Greenville, IL",3/9/2019,Slaughter Steers,Live,Choice 2 4,29,1300,1500,1396.21,126,130,128.93,,
"Greenville, IL",3/16/2019,Slaughter Steers,Live,Choice 2 4,1,1000,1100,1090,126,126,126,,
"Greenville, IL",3/16/2019,Slaughter Steers,Live,Choice 2 4,13,1100,1300,1239.62,105,125,120.14,Low Dressing,
"Greenville, IL",3/16/2019,Slaughter Steers,Live,Choice 2 4,19,1100,1300,1242.37,126,130,128.57,,
"Greenville, IL",3/16/2019,Slaughter Steers,Live,Choice 2 4,3,1300,1500,1450,133,133,133,High Dressing,
"Greenville, IL",3/16/2019,Slaughter Steers,Live,Choice 2 4,15,1300,1500,1382,118,125,122.42,Low Dressing,
"Greenville, IL",3/16/2019,Slaughter Steers,Live,Select 1 2,2,1000,1100,1067.5,100,100,100,,
"Greenville, IL",3/16/2019,Slaughter Steers,Live,Select 1 2,1,1100,1200,1110,71,71,71,,
"Greenville, IL",3/16/2019,Slaughter Steers,Live,Select and Choice 2 3,2,1300,1500,1320,105,115,109.92,,
"Greenville, IL",3/16/2019,Slaughter Steers,Live,Select and Choice 2 3,1,1100,1300,1180,101,101,101,Low Dressing,
"Greenville, IL",3/16/2019,Slaughter Steers,Live,Select and Choice 2 3,6,1100,1300,1210.83,105,125,116.88,,
"Greenville, IL",3/16/2019,Slaughter Steers,Live,Choice 2 4,51,1300,1500,1386.86,126,132,129.1,,
"Greenville, IL",3/16/2019,Slaughter Steers,Live,Select and Choice 2 3,1,1000,1100,1085,107,107,107,,
"Greenville, IL",3/23/2019,Slaughter Steers,Live,Select and Choice 2 3,2,1000,1100,1050,101,107,104.1,,
"Greenville, IL",3/23/2019,Slaughter Steers,Live,Select and Choice 2 3,2,1100,1300,1252.5,115,118,116.49,,
"Greenville, IL",3/23/2019,Slaughter Steers,Live,Select 1 2,2,1000,1100,1042.5,90,92,90.98,,
"Greenville, IL",3/23/2019,Slaughter Steers,Live,Select 1 2,2,1100,1200,1135,89,94,91.48,,
"Greenville, IL",3/23/2019,Slaughter Steers,Live,Choice 2 4,2,1000,1100,1065,130,131,130.51,,
"Greenville, IL",3/23/2019,Slaughter Steers,Live,Choice 2 4,10,1300,1500,1394,132,136,133.9,High Dressing,
"Greenville, IL",3/23/2019,Slaughter Steers,Live,Choice 2 4,44,1300,1500,1382.5,125,131,128.13,,
"Greenville, IL",3/23/2019,Slaughter Steers,Live,Choice 2 4,4,1300,1500,1343.75,110,124,117.38,Low Dressing,
"Greenville, IL",3/23/2019,Slaughter Steers,Live,Choice 2 4,1,1100,1300,1290,136,136,136,High Dressing,
"Greenville, IL",3/23/2019,Slaughter Steers,Live,Choice 2 4,32,1100,1300,1231.56,125,131,128.22,,
"Greenville, IL",3/23/2019,Slaughter Steers,Live,Choice 2 4,2,1100,1300,1217.5,100,115,107.11,Low Dressing,
"Greenville, IL",3/30/2019,Slaughter Steers,Live,Choice 2 4,54,1300,1500,1380.46,127,133,130.21,,
"Greenville, IL",3/30/2019,Slaughter Steers,Live,Choice 2 4,4,1300,1500,1362.5,120,126,124.05,Low Dressing,
"Greenville, IL",3/30/2019,Slaughter Steers,Live,Choice 2 4,10,1300,1500,1408,134,136,134.8,High Dressing,
"Greenville, IL",3/30/2019,Slaughter Steers,Live,Choice 2 4,1,1000,1100,1070,131,131,131,,
"Greenville, IL",3/30/2019,Slaughter Steers,Live,Select and Choice 2 3,5,1100,1300,1231,125,126,125.2,,
"Greenville, IL",3/30/2019,Slaughter Steers,Live,Choice 2 4,2,1100,1300,1222.5,125,126,125.52,Low Dressing,
"Greenville, IL",3/30/2019,Slaughter Steers,Live,Choice 2 4,30,1100,1300,1231.67,127,133,129.02,,
"Greenville, IL",3/30/2019,Slaughter Steers,Live,Select and Choice 2 3,2,1300,1500,1305,105,124,114.54,,
"Greenville, IL",3/30/2019,Slaughter Steers,Live,Choice 2 4,2,1100,1300,1167.5,134,135,134.5,High Dressing,
"Greenville, IL",4/6/2019,Slaughter Steers,Live,Choice 2 4,49,1100,1300,1237.76,127,131,128.31,,
"Greenville, IL",4/6/2019,Slaughter Steers,Live,Select and Choice 2 3,4,1300,1500,1375,115,124,120.47,,
"Greenville, IL",4/6/2019,Slaughter Steers,Live,Select and Choice 2 3,6,1100,1300,1247.5,120,125,122.15,,
"Greenville, IL",4/6/2019,Slaughter Steers,Live,Select and Choice 2 3,2,1000,1100,1070,125,125,125,,
"Greenville, IL",4/6/2019,Slaughter Steers,Live,Choice 2 4,3,1100,1300,1250,123,125,124.35,Low Dressing,
"Greenville, IL",4/6/2019,Slaughter Steers,Live,Choice 2 4,35,1300,1500,1376.71,126,132,128.88,,
"Greenville, IL",4/6/2019,Slaughter Steers,Live,Choice 2 4,10,1300,1500,1350,122,125,124.32,Low Dressing,
"Greenville, IL",4/6/2019,Slaughter Steers,Live,Choice 2 4,1,1000,1100,1085,127,127,127,,
"Greenville, IL",4/6/2019,Slaughter Steers,Live,Choice 2 4,2,1300,1500,1385,133,133,133,High Dressing,
"Greenville, IL",4/20/2019,Slaughter Steers,Live,Select and Choice 2 3,2,1300,1500,1387.5,115,118,116.41,,
"Greenville, IL",4/20/2019,Slaughter Steers,Live,Select and Choice 2 3,3,1100,1300,1190,120,125,121.76,,
"Greenville, IL",4/20/2019,Slaughter Steers,Live,Select 1 2,6,1100,1200,1139.17,80,101,86.03,,
"Greenville, IL",4/20/2019,Slaughter Steers,Live,Select 1 2,4,1000,1100,1063.75,86,100,91.9,,
"Greenville, IL",4/20/2019,Slaughter Steers,Live,Choice 2 4,35,1100,1300,1236.57,128,132,129.86,,
"Greenville, IL",4/20/2019,Slaughter Steers,Live,Choice 2 4,8,1100,1300,1252.5,116,126,122.77,Low Dressing,
"Greenville, IL",4/20/2019,Slaughter Steers,Live,Choice 2 4,2,1100,1300,1267.5,134,135,134.5,High Dressing,
"Greenville, IL",4/20/2019,Slaughter Steers,Live,Choice 2 4,46,1300,1500,1374.57,116,133,129.86,,
"Greenville, IL",4/20/2019,Slaughter Steers,Live,Choice 2 4,11,1300,1500,1400,116,126,123.29,Low Dressing,
"Greenville, IL",4/20/2019,Slaughter Steers,Live,Select and Choice 2 3,2,1000,1100,1030,104,125,114.4,,
"Greenville, IL",4/20/2019,Slaughter Steers,Live,Choice 2 4,13,1300,1500,1385,134,136,134.76,High Dressing,
"Greenville, IL",5/4/2019,Slaughter Steers,Live,Select and Choice 2 3,10,1100,1300,1213,100,124,118.27,,
"Greenville, IL",5/4/2019,Slaughter Steers,Live,Select and Choice 2 3,4,1300,1500,1332.5,115,124,121.76,,
"Greenville, IL",5/4/2019,Slaughter Steers,Live,Choice 2 4,2,1000,1100,1057.5,126,127,126.5,,
"Greenville, IL",5/4/2019,Slaughter Steers,Live,Choice 2 4,13,1100,1300,1225.38,119,124,123.46,Low Dressing,
"Greenville, IL",5/4/2019,Slaughter Steers,Live,Choice 2 4,83,1100,1300,1237.41,125,131,127.15,,
"Greenville, IL",5/4/2019,Slaughter Steers,Live,Choice 2 4,4,1300,1500,1393.75,132,133,132.76,High Dressing,
"Greenville, IL",5/4/2019,Slaughter Steers,Live,Choice 2 4,111,1300,1500,1376.22,125,131,127.72,,
"Greenville, IL",5/4/2019,Slaughter Steers,Live,Choice 2 4,11,1300,1500,1395,111,124,120.85,Low Dressing,
"Greenville, IL",5/11/2019,Slaughter Steers,Live,Select and Choice 2 3,20,1100,1300,1183.5,95,119,107.73,,
"Greenville, IL",5/11/2019,Slaughter Steers,Live,Select and Choice 2 3,4,1000,1100,1065,95,115,102.21,,
"Greenville, IL",5/11/2019,Slaughter Steers,Live,Choice 2 4,15,1300,1500,1393.33,127,131,128.21,High Dressing,
"Greenville, IL",5/11/2019,Slaughter Steers,Live,Choice 2 4,4,1300,1500,1351.25,113,119,116.21,Low Dressing,
"Greenville, IL",5/11/2019,Slaughter Steers,Live,Choice 2 4,74,1300,1500,1369.59,121,126,124.44,,
"Greenville, IL",5/11/2019,Slaughter Steers,Live,Choice 2 4,48,1100,1300,1243.85,120,126,123.88,,
"Greenville, IL",5/11/2019,Slaughter Steers,Live,Choice 2 4,2,1100,1300,1217.5,127,127,127,High Dressing,
"Greenville, IL",5/11/2019,Slaughter Steers,Live,Select and Choice 2 3,3,1300,1500,1373.33,111,117,114.32,,
"Greenville, IL",5/11/2019,Slaughter Steers,Live,Choice 2 4,4,1100,1300,1262.5,114,118,116.01,Low Dressing,
"Greenville, IL",5/18/2019,Slaughter Steers,Live,Choice 2 4,1,1000,1100,1045,119,119,119,,
"Greenville, IL",5/18/2019,Slaughter Steers,Live,Choice 2 4,4,1100,1300,1200,115,118,116.22,Low Dressing,
"Greenville, IL",5/18/2019,Slaughter Steers,Live,Choice 2 4,45,1100,1300,1225,119,125,121.49,,
"Greenville, IL",5/18/2019,Slaughter Steers,Live,Select 1 2,1,1100,1200,1155,60,60,60,,
"Greenville, IL",5/18/2019,Slaughter Steers,Live,Select 1 2,1,1000,1100,1035,91,91,91,,
"Greenville, IL",5/18/2019,Slaughter Steers,Live,Select and Choice 2 3,6,1100,1300,1205,100,118,112.29,,
"Greenville, IL",5/18/2019,Slaughter Steers,Live,Select and Choice 2 3,1,1300,1500,1345,115,115,115,,
"Greenville, IL",5/18/2019,Slaughter Steers,Live,Choice 2 4,5,1300,1500,1393,113,118,115.77,Low Dressing,
"Greenville, IL",5/18/2019,Slaughter Steers,Live,Choice 2 4,3,1300,1500,1428.33,127,130,127.94,High Dressing,
"Greenville, IL",5/18/2019,Slaughter Steers,Live,Choice 2 4,37,1300,1500,1367.84,119,126,122.66,,
Location,Report Date,Class Description,Selling Basis Description,Grade Description,Head Count,Weight Range Low,Weight Range High,Weighted Average,Price Low,Price High,Average Price,Comments,Pricing Point
"Reels, IL",2/23/2019,Slaughter Steers,Live,Choice 2 4,1,1100,1300,1260,128.5,128.5,128.5,,
"Reels, IL",2/23/2019,Slaughter Steers,Live,Choice 2 4,9,1300,1500,1386.67,126,132.5,129.16,,
"Reels, IL",2/23/2019,Slaughter Steers,Live,Choice 2 4,2,1300,1500,1362.5,123,124.5,123.76,Low Dressing,
"Reels, IL",2/23/2019,Slaughter Steers,Live,Select and Choice 2 3,1,1100,1300,1125,103,103,103,Low Dressing,
Location,Report Date,Class Description,Selling Basis Description,Grade Description,Head Count,Weight Range Low,Weight Range High,Weighted Average,Price Low,Price High,Average Price,Comments,Pricing Point
"Rushville, IL",1/12/2019,Slaughter Steers,Live,Select and Choice 2 3,6,1100,1300,1256.67,112.5,114.5,113.76,,
"Rushville, IL",1/12/2019,Slaughter Steers,Live,Choice 2 4,1,1000,1100,1065,116.5,116.5,116.5,,
"Rushville, IL",1/12/2019,Slaughter Steers,Live,Choice 2 4,20,1100,1300,1219.25,115,121,118.08,,
"Rushville, IL",1/12/2019,Slaughter Steers,Live,Choice 2 4,1,1300,1500,1335,113.5,113.5,113.5,Low Dressing,
"Rushville, IL",1/12/2019,Slaughter Steers,Live,Choice 2 4,16,1300,1500,1361.88,115,121.5,119.02,,
"Rushville, IL",1/12/2019,Slaughter Steers,Live,Choice 2 4,5,1300,1500,1411,122,123.5,122.31,High Dressing,
"Rushville, IL",1/12/2019,Slaughter Steers,Live,Select and Choice 2 3,3,1000,1100,1071.67,113,113.5,113.16,,
"Rushville, IL",1/12/2019,Slaughter Steers,Live,Select and Choice 2 3,2,1300,1500,1382.5,113,114.5,113.75,,
Location,Report Date,Class Description,Selling Basis Description,Grade Description,Head Count,Weight Range Low,Weight Range High,Weighted Average,Price Low,Price High,Average Price,Comments,Pricing Point
"Walnut Livestock Auction, IL",1/5/2019,Slaughter Steers,Live,Choice 2 4,1,1100,1300,1125,110,110,110,Low Dressing,
"Walnut Livestock Auction, IL",1/5/2019,Slaughter Steers,Live,Select and Choice 2 3,1,1000,1100,1015,100,100,100,,
"Walnut Livestock Auction, IL",1/5/2019,Slaughter Steers,Live,Choice 2 4,3,1100,1300,1198.33,117.5,119.5,118.13,,
"Walnut Livestock Auction, IL",1/5/2019,Slaughter Steers,Live,Choice 2 4,20,1300,1500,1411.05,115.5,120.75,119.9,,
"Walnut Livestock Auction, IL",1/5/2019,Slaughter Steers,Live,Choice 2 4,1,1300,1500,1470,110,110,110,Low Dressing,
"Walnut Livestock Auction, IL",1/12/2019,Slaughter Steers,Live,Choice 2 4,1,1100,1300,1175,118,118,118,,
"Walnut Livestock Auction, IL",1/12/2019,Slaughter Steers,Live,Choice 2 4,15,1300,1500,1367.93,113,117,115.93,Low Dressing,
"Walnut Livestock Auction, IL",1/12/2019,Slaughter Steers,Live,Choice 2 4,5,1300,1500,1478,125,125,125,High Dressing,
"Walnut Livestock Auction, IL",1/12/2019,Slaughter Steers,Live,Select and Choice 2 3,8,1000,1100,1047.5,113,115,114.01,,
"Walnut Livestock Auction, IL",1/12/2019,Slaughter Steers,Live,Choice 2 4,74,1300,1500,1438.3,118,124.75,122.98,,
"Walnut Livestock Auction, IL",1/19/2019,Slaughter Steers,Live,Choice 2 4,10,1100,1300,1248.4,122,123.5,122.62,,
"Walnut Livestock Auction, IL",1/19/2019,Slaughter Steers,Live,Choice 2 4,11,1100,1300,1274.64,115,121.5,119.66,Low Dressing,
"Walnut Livestock Auction, IL",1/19/2019,Slaughter Steers,Live,Choice 2 4,16,1300,1500,1361.38,117,121.75,121.05,Low Dressing,
"Walnut Livestock Auction, IL",1/19/2019,Slaughter Steers,Live,Choice 2 4,68,1300,1500,1445.54,123,128,126.34,,
"Walnut Livestock Auction, IL",1/19/2019,Slaughter Steers,Live,Select and Choice 2 3,1,1000,1100,1085,115,115,115,,
"Walnut Livestock Auction, IL",1/19/2019,Slaughter Steers,Live,Select 1 2,2,1000,1100,1037.5,57.5,70,63.67,,
"Walnut Livestock Auction, IL",1/19/2019,Slaughter Steers,Live,Select and Choice 2 3,1,1100,1300,1185,120,120,120,,
"Walnut Livestock Auction, IL",1/19/2019,Slaughter Steers,Live,Select 1 2,1,1100,1200,1175,80,80,80,,
"Walnut Livestock Auction, IL",1/19/2019,Slaughter Steers,Live,Select and Choice 2 3,2,1300,1500,1352.5,117,119,117.98,,
"Walnut Livestock Auction, IL",1/19/2019,Slaughter Steers,Live,Select 1 2,1,1200,1300,1285,80,80,80,,
"Walnut Livestock Auction, IL",3/9/2019,Slaughter Steers,Live,Select and Choice 2 3,2,1300,1500,1360,102,125.5,114.27,,
"Walnut Livestock Auction, IL",3/9/2019,Slaughter Steers,Live,Select and Choice 2 3,4,1100,1300,1223.5,102,119,111.73,,
"Walnut Livestock Auction, IL",3/9/2019,Slaughter Steers,Live,Choice 2 4,74,1300,1500,1424.84,127.25,133.25,131.9,,
"Walnut Livestock Auction, IL",3/9/2019,Slaughter Steers,Live,Choice 2 4,22,1300,1500,1322.45,125,126.75,125.95,Low Dressing,
"Walnut Livestock Auction, IL",3/9/2019,Slaughter Steers,Live,Choice 2 4,2,1100,1300,1178,127.5,127.5,127.5,,
"Walnut Livestock Auction, IL",3/9/2019,Slaughter Steers,Live,Choice 2 4,17,1100,1300,1235.53,126.25,126.75,126.51,Low Dressing,
"Walnut Livestock Auction, IL",3/23/2019,Slaughter Steers,Live,Choice 2 4,90,1300,1500,1397.27,124.75,130.75,129.69,,
"Walnut Livestock Auction, IL",3/23/2019,Slaughter Steers,Live,Choice 2 4,5,1100,1300,1247.2,125.5,128,126.67,,
"Walnut Livestock Auction, IL",3/23/2019,Slaughter Steers,Live,Choice 2 4,1,1300,1500,1330,118,118,118,Low Dressing,
"Walnut Livestock Auction, IL",4/6/2019,Slaughter Steers,Live,Choice 2 4,41,1300,1500,1430.05,125,129.75,128.37,,
"Walnut Livestock Auction, IL",4/6/2019,Slaughter Steers,Live,Choice 2 4,12,1300,1500,1413.25,118,124.75,123.31,Low Dressing,
"Walnut Livestock Auction, IL",4/6/2019,Slaughter Steers,Live,Choice 2 4,1,1100,1300,1250,119.5,119.5,119.5,Low Dressing,
"Walnut Livestock Auction, IL",4/6/2019,Slaughter Steers,Live,Choice 2 4,1,1100,1300,1275,126.5,126.5,126.5,,
"Walnut Livestock Auction, IL",4/20/2019,Slaughter Steers,Live,Select 1 2,1,1100,1200,1105,97,97,97,,
"Walnut Livestock Auction, IL",4/20/2019,Slaughter Steers,Live,Choice 2 4,44,1300,1500,1396.93,128,134,133.12,,
"Walnut Livestock Auction, IL",4/20/2019,Slaughter Steers,Live,Choice 2 4,1,1000,1100,1090,129.5,129.5,129.5,,
"Walnut Livestock Auction, IL",4/20/2019,Slaughter Steers,Live,Choice 2 4,17,1100,1300,1242.41,127.5,131.5,129.69,,
"Walnut Livestock Auction, IL",4/20/2019,Slaughter Steers,Live,Select 1 2,1,1200,1300,1235,99,99,99,,
"Walnut Livestock Auction, IL",4/27/2019,Slaughter Steers,Live,Choice 2 4,4,1100,1300,1192.75,128,129,128.39,,
"Walnut Livestock Auction, IL",4/27/2019,Slaughter Steers,Live,Select and Choice 2 3,4,1100,1300,1172.25,124.5,125.5,124.74,,
"Walnut Livestock Auction, IL",4/27/2019,Slaughter Steers,Live,Choice 2 4,1,1300,1500,1355,124,124,124,Low Dressing,
"Walnut Livestock Auction, IL",4/27/2019,Slaughter Steers,Live,Select and Choice 2 3,7,1000,1100,1052.14,111,123,118.77,,
"Walnut Livestock Auction, IL",5/4/2019,Slaughter Steers,Live,Select and Choice 2 3,2,1300,1500,1358,118,118,118,,
"Walnut Livestock Auction, IL",5/4/2019,Slaughter Steers,Live,Choice 2 4,44,1300,1500,1390.25,121,127.5,126.2,,
"Walnut Livestock Auction, IL",5/4/2019,Slaughter Steers,Live,Choice 2 4,22,1100,1300,1262.45,122,125,123.5,,
"Walnut Livestock Auction, IL",5/4/2019,Slaughter Steers,Live,Choice 2 4,1,1000,1100,1070,123,123,123,,
"Walnut Livestock Auction, IL",5/4/2019,Slaughter Steers,Live,Choice 2 4,4,1300,1500,1478.75,118,119.5,119.14,Low Dressing,
"Walnut Livestock Auction, IL",5/18/2019,Slaughter Steers,Live,Select 1 2,1,1100,1200,1120,93,93,93,,
"Walnut Livestock Auction, IL",5/18/2019,Slaughter Steers,Live,Choice 2 4,8,1100,1300,1212.63,115,118,116.4,,
"Walnut Livestock Auction, IL",5/18/2019,Slaughter Steers,Live,Choice 2 4,51,1300,1500,1419.35,117.5,119.75,118.81,,
"Walnut Livestock Auction, IL",5/18/2019,Slaughter Steers,Live,Select 1 2,1,1000,1100,1080,80,80,80,,
"Walnut Livestock Auction, IL",5/18/2019,Slaughter Steers,Live,Select and Choice 2 3,1,1100,1300,1195,113,113,113,,
Location,Report Date,Class Description,Selling Basis Description,Grade Description,Head Count,Weight Range Low,Weight Range High,Weighted Average,Price Low,Price High,Average Price,Comments,Pricing Point
"Stanford, KY",6/1/2019,Slaughter Steers,Live,Select 1 2,1,1100,1200,1170,100,100,100,,
Location,Report Date,Class Description,Selling Basis Description,Grade Description,Head Count,Weight Range Low,Weight Range High,Weighted Average,Price Low,Price High,Average Price,Comments,Pricing Point
"Front Royal Graded Slaughter Cattle Sale, VA",1/5/2019,Slaughter Steers,Live,Choice 2 3,19,1500,1850,1603.42,108,118,113.84,,
"Front Royal Graded Slaughter Cattle Sale, VA",1/5/2019,Slaughter Steers,Live,Choice 2 3,1,1100,1300,1270,113,113,113,,
"Front Royal Graded Slaughter Cattle Sale, VA",1/5/2019,Slaughter Steers,Live,Choice 2 3,13,1300,1500,1419.62,111,119,114.83,,
"Front Royal Graded Slaughter Cattle Sale, VA",1/19/2019,Slaughter Steers,Live,Choice 2 3,4,1300,1500,1440,116.5,120.5,118.27,,
"Front Royal Graded Slaughter Cattle Sale, VA",1/19/2019,Slaughter Steers,Live,Choice 2 3,11,1500,1850,1604.09,115.5,117.5,116.49,,
"Front Royal Graded Slaughter Cattle Sale, VA",1/19/2019,Slaughter Steers,Live,Choice 2 3,1,1100,1300,1290,111,111,111,,
"Front Royal Graded Slaughter Cattle Sale, VA",2/9/2019,Slaughter Steers,Live,Choice 2 3,41,1500,1850,1636.59,114,125,118.77,,
"Front Royal Graded Slaughter Cattle Sale, VA",2/9/2019,Slaughter Steers,Live,Choice 2 3,2,1100,1300,1277.5,109,110,109.5,,
"Front Royal Graded Slaughter Cattle Sale, VA",2/9/2019,Slaughter Steers,Live,Choice 2 3,15,1300,1500,1448.33,105,119,115.49,,
"Front Royal Graded Slaughter Cattle Sale, VA",2/9/2019,Slaughter Steers,Live,Select 2 3,2,1300,1500,1320,99,106.5,102.69,,
"Front Royal Graded Slaughter Cattle Sale, VA",2/23/2019,Slaughter Steers,Live,Choice 2 3,1,1100,1300,1290,116,116,116,,
"Front Royal Graded Slaughter Cattle Sale, VA",2/23/2019,Slaughter Steers,Live,Choice 2 3,7,1300,1500,1437.86,116.5,128.5,123.5,,
"Front Royal Graded Slaughter Cattle Sale, VA",2/23/2019,Slaughter Steers,Live,Choice 2 3,24,1500,1850,1619.58,117,130.5,122.25,,
"Front Royal Graded Slaughter Cattle Sale, VA",3/9/2019,Slaughter Steers,Live,Choice 2 3,14,1300,1500,1414.29,116,127,122.44,,
"Front Royal Graded Slaughter Cattle Sale, VA",3/9/2019,Slaughter Steers,Live,Choice 2 3,3,1100,1300,1223.33,113,123,116.67,,
"Front Royal Graded Slaughter Cattle Sale, VA",3/9/2019,Slaughter Steers,Live,Choice 2 3,45,1500,1850,1655.44,117,129,123.39,,
"Front Royal Graded Slaughter Cattle Sale, VA",3/23/2019,Slaughter Steers,Live,Choice 2 3,1,1100,1300,1280,119.75,119.75,119.75,,
"Front Royal Graded Slaughter Cattle Sale, VA",3/23/2019,Slaughter Steers,Live,Choice 2 3,11,1300,1500,1441.82,116,128,121.71,,
"Front Royal Graded Slaughter Cattle Sale, VA",3/23/2019,Slaughter Steers,Live,Choice 2 3,29,1500,1850,1620.34,115,129,121.79,,
"Front Royal Graded Slaughter Cattle Sale, VA",4/6/2019,Slaughter Steers,Live,Choice 2 3,14,1500,1850,1588.93,109,130,121.62,,
"Front Royal Graded Slaughter Cattle Sale, VA",4/6/2019,Slaughter Steers,Live,Select 2 3,1,1300,1500,1345,100,100,100,,
"Front Royal Graded Slaughter Cattle Sale, VA",4/6/2019,Slaughter Steers,Live,Choice 2 3,7,1300,1500,1444.29,106,129.5,122.14,,
"Front Royal Graded Slaughter Cattle Sale, VA",4/20/2019,Slaughter Steers,Live,Choice 2 3,9,1500,1850,1668.89,117,124,121.02,,
"Front Royal Graded Slaughter Cattle Sale, VA",4/20/2019,Slaughter Steers,Live,Choice 2 3,7,1300,1500,1421.43,115,123,119.42,,
"Front Royal Graded Slaughter Cattle Sale, VA",5/4/2019,Slaughter Steers,Live,Choice 2 3,25,1500,1850,1617.8,112,122.5,115.57,,
"Front Royal Graded Slaughter Cattle Sale, VA",5/4/2019,Slaughter Steers,Live,Choice 2 3,2,1100,1300,1250,111.5,116,113.81,,
"Front Royal Graded Slaughter Cattle Sale, VA",5/4/2019,Slaughter Steers,Live,Choice 2 3,6,1300,1500,1401.67,114.5,121,117.4,,
"Front Royal Graded Slaughter Cattle Sale, VA",5/18/2019,Slaughter Steers,Live,Choice 2 3,1,1100,1300,1290,111,111,111,,
"Front Royal Graded Slaughter Cattle Sale, VA",5/18/2019,Slaughter Steers,Live,Choice 2 3,21,1500,1850,1636.9,111.5,119.5,115.16,,
"Front Royal Graded Slaughter Cattle Sale, VA",5/18/2019,Slaughter Steers,Live,Choice 2 3,7,1300,1500,1418.57,110.5,119.5,114.12,,
"Front Royal Graded Slaughter Cattle Sale, VA",6/8/2019,Slaughter Steers,Live,Choice 2 3,3,1300,1500,1461.67,113.5,116.5,115.48,,
"Front Royal Graded Slaughter Cattle Sale, VA",6/8/2019,Slaughter Steers,Live,Choice 2 3,24,1500,1850,1618.13,110,117.5,113.92,,
Location,Report Date,Class Description,Selling Basis Description,Grade Description,Head Count,Weight Range Low,Weight Range High,Weighted Average,Price Low,Price High,Average Price,Comments,Pricing Point
"Staunton Graded Slaughter Cattle Sale, VA",2/23/2019,Slaughter Steers,Live,Choice 2 3,10,1300,1500,1345.5,100,120,113.73,,
"Staunton Graded Slaughter Cattle Sale, VA",3/23/2019,Slaughter Steers,Live,Choice 2 3,3,1300,1500,1334.67,120,124,122.61,,
"Staunton Graded Slaughter Cattle Sale, VA",3/23/2019,Slaughter Steers,Live,Choice 2 3,1,1100,1300,1190,124,124,124,,
"Staunton Graded Slaughter Cattle Sale, VA",4/20/2019,Slaughter Steers,Live,Choice 2 3,1,1500,1850,1785,110,110,110,,
"Staunton Graded Slaughter Cattle Sale, VA",4/20/2019,Slaughter Steers,Live,Choice 2 3,17,1300,1500,1363.94,115,116,115.25,,
"Staunton Graded Slaughter Cattle Sale, VA",5/25/2019,Slaughter Steers,Live,Choice 2 3,1,1100,1300,1255,90,90,90,,
"Staunton Graded Slaughter Cattle Sale, VA",5/25/2019,Slaughter Steers,Live,Select 2 3,4,1100,1300,1273,85,85,85,,
"Staunton Graded Slaughter Cattle Sale, VA",5/25/2019,Slaughter Steers,Live,Choice 2 3,1,1500,1850,1545,110,110,110,,
"Staunton Graded Slaughter Cattle Sale, VA",5/25/2019,Slaughter Steers,Live,Choice 2 3,7,1300,1500,1367.71,91,112,105.94,,
