Location,Report Date,Class Description,Selling Basis Description,Grade Description,Head Count,Weight Range Low,Weight Range High,Weighted Average,Price Low,Price High,Average Price,Comments,Pricing Point
"Dunlap Wtd Avg Slaughter Cattle, IA",1/12/2019,Slaughter Heifers,Live,Select and Choice 2 3,23,1000,1200,1137.17,116.5,119.5,117.13,,
"Dunlap Wtd Avg Slaughter Cattle, IA",1/12/2019,Slaughter Heifers,Live,Select 2 3,4,900,1000,998,114,114,114,,
"Dunlap Wtd Avg Slaughter Cattle, IA",1/12/2019,Slaughter Heifers,Live,Choice 2 4,6,1000,1200,1117,122,125,123.41,,
"Dunlap Wtd Avg Slaughter Cattle, IA",1/12/2019,Slaughter Heifers,Live,Select 2 3,15,1000,1200,1052.8,111,115,112.71,,
"Dunlap Wtd Avg Slaughter Cattle, IA",1/12/2019,Slaughter Heifers,Live,Select 2 3,2,1200,1400,1352.5,110,114,112.06,,
"Dunlap Wtd Avg Slaughter Cattle, IA",1/12/2019,Slaughter Heifers,Live,Select and Choice 2 3,13,1200,1400,1230.77,115,119.5,118.57,,
"Dunlap Wtd Avg Slaughter Cattle, IA",1/12/2019,Slaughter Heifers,Live,Choice 2 4,69,1200,1400,1322.57,121.5,125,122.89,,
"Dunlap Wtd Avg Slaughter Cattle, IA",1/19/2019,Slaughter Heifers,Live,Select and Choice 2 3,13,1200,1400,1295.31,115.75,119.75,118.61,,
"Dunlap Wtd Avg Slaughter Cattle, IA",1/19/2019,Slaughter Heifers,Live,Select and Choice 2 3,2,900,1000,937.5,114,116,114.99,,
"Dunlap Wtd Avg Slaughter Cattle, IA",1/19/2019,Slaughter Heifers,Live,Select and Choice 2 3,5,1000,1200,1081,115,118,116.7,,
"Dunlap Wtd Avg Slaughter Cattle, IA",1/19/2019,Slaughter Heifers,Live,Choice 2 4,39,1200,1400,1326.54,120,123.75,121.68,,
"Dunlap Wtd Avg Slaughter Cattle, IA",1/19/2019,Slaughter Heifers,Live,Choice 2 4,10,1000,1200,1117.5,120,121.5,121.11,,
"Dunlap Wtd Avg Slaughter Cattle, IA",1/19/2019,Slaughter Heifers,Live,Select 2 3,2,1200,1400,1272.5,98.5,112,105.42,,
"Dunlap Wtd Avg Slaughter Cattle, IA",1/19/2019,Slaughter Heifers,Live,Select 2 3,2,1000,1200,1182.5,109,113.5,111.25,,
"Dunlap Wtd Avg Slaughter Cattle, IA",2/9/2019,Slaughter Heifers,Live,Select and Choice 2 3,15,1200,1400,1274.87,117.5,121.5,119.64,,
"Dunlap Wtd Avg Slaughter Cattle, IA",2/9/2019,Slaughter Heifers,Live,Select 2 3,5,1000,1200,1105,113,115,114.63,,
"Dunlap Wtd Avg Slaughter Cattle, IA",2/9/2019,Slaughter Heifers,Live,Select 2 3,5,1200,1400,1310.2,112.5,116,114.9,,
"Dunlap Wtd Avg Slaughter Cattle, IA",2/9/2019,Slaughter Heifers,Live,Select and Choice 2 3,9,1000,1200,1137.33,117.5,120.5,118.68,,
"Dunlap Wtd Avg Slaughter Cattle, IA",2/9/2019,Slaughter Heifers,Live,Choice 2 4,77,1200,1400,1279.3,122.25,125.5,123.62,,
"Dunlap Wtd Avg Slaughter Cattle, IA",3/16/2019,Slaughter Heifers,Live,Choice 2 4,6,1000,1200,1176.33,126.5,127.5,126.84,,
"Dunlap Wtd Avg Slaughter Cattle, IA",3/16/2019,Slaughter Heifers,Live,Select 2 3,5,1000,1200,1135,110,114.5,111.96,,
"Dunlap Wtd Avg Slaughter Cattle, IA",3/16/2019,Slaughter Heifers,Live,Choice 2 4,17,1200,1400,1256.06,126.25,128,126.98,,
"Dunlap Wtd Avg Slaughter Cattle, IA",3/16/2019,Slaughter Heifers,Live,Select 2 3,23,1200,1400,1276.61,110,119.5,115.13,,
"Dunlap Wtd Avg Slaughter Cattle, IA",3/16/2019,Slaughter Heifers,Live,Select and Choice 2 3,6,1000,1200,1125,120,123.5,121.17,,
"Dunlap Wtd Avg Slaughter Cattle, IA",3/16/2019,Slaughter Heifers,Live,Select and Choice 2 3,25,1200,1400,1230.88,120.5,124,121.79,,
"Dunlap Wtd Avg Slaughter Cattle, IA",3/23/2019,Slaughter Heifers,Live,Select 2 3,15,1000,1200,1082.73,110,117,113.52,Value Added,
"Dunlap Wtd Avg Slaughter Cattle, IA",3/23/2019,Slaughter Heifers,Live,Select 2 3,13,1200,1400,1334.85,111,118.25,115.12,,
"Dunlap Wtd Avg Slaughter Cattle, IA",3/23/2019,Slaughter Heifers,Live,Choice 2 4,11,1200,1400,1270.73,126.25,128,127,,
"Dunlap Wtd Avg Slaughter Cattle, IA",3/23/2019,Slaughter Heifers,Live,Select and Choice 2 3,11,1200,1400,1287,125.25,125.25,125.25,,
"Dunlap Wtd Avg Slaughter Cattle, IA",4/27/2019,Slaughter Heifers,Live,Select and Choice 2 3,5,1000,1200,1144.8,122,124.5,123.73,,
"Dunlap Wtd Avg Slaughter Cattle, IA",4/27/2019,Slaughter Heifers,Live,Select 2 3,2,1000,1200,1085,117.5,119.5,118.55,,
"Dunlap Wtd Avg Slaughter Cattle, IA",4/27/2019,Slaughter Heifers,Live,Choice 2 4,8,1200,1400,1309.25,131.5,132,131.81,,
"Dunlap Wtd Avg Slaughter Cattle, IA",4/27/2019,Slaughter Heifers,Live,Select 2 3,17,1200,1400,1227.35,113.5,116,113.88,,
"Dunlap Wtd Avg Slaughter Cattle, IA",5/18/2019,Slaughter Heifers,Live,Choice 2 4,2,1200,1400,1250,122.25,122.25,122.25,,
"Dunlap Wtd Avg Slaughter Cattle, IA",5/18/2019,Slaughter Heifers,Live,Select 2 3,24,1000,1200,1109.33,108,117,114.04,,
"Dunlap Wtd Avg Slaughter Cattle, IA",5/18/2019,Slaughter Heifers,Live,Select and Choice 2 3,45,1200,1400,1212.53,117,119.75,117.75,,
"Dunlap Wtd Avg Slaughter Cattle, IA",5/18/2019,Slaughter Heifers,Live,Select and Choice 2 3,5,1000,1200,1115,119.5,119.5,119.5,,
"Dunlap Wtd Avg Slaughter Cattle, IA",5/25/2019,Slaughter Heifers,Live,Select and Choice 2 3,5,1200,1400,1221.8,110.5,112.5,111.69,,
"Dunlap Wtd Avg Slaughter Cattle, IA",5/25/2019,Slaughter Heifers,Live,Choice 2 4,54,1200,1400,1239,115.6,118.25,116.05,,
"Dunlap Wtd Avg Slaughter Cattle, IA",5/25/2019,Slaughter Heifers,Live,Select 2 3,17,1000,1200,1091,101,109.5,106.78,,
"Dunlap Wtd Avg Slaughter Cattle, IA",5/25/2019,Slaughter Heifers,Live,Select 2 3,18,1200,1400,1252.33,100,101,100.48,,
"Dunlap Wtd Avg Slaughter Cattle, IA",5/25/2019,Slaughter Heifers,Live,Select and Choice 2 3,21,1000,1200,1148.76,110.25,112,110.51,,
"Dunlap Wtd Avg Slaughter Cattle, IA",5/25/2019,Slaughter Heifers,Live,Choice 2 4,50,1000,1200,1187.48,115,115.5,115.43,,
Location,Report Date,Class Description,Selling Basis Description,Grade Description,Head Count,Weight Range Low,Weight Range High,Weighted Average,Price Low,Price High,Average Price,Comments,Pricing Point
"Sheldon Slaughter Cattle, IA",1/12/2019,Slaughter Heifers,Live,Select 2 3,6,1000,1200,1160,110,113,111.55,,
"Sheldon Slaughter Cattle, IA",1/12/2019,Slaughter Heifers,Live,Select 2 3,31,1200,1400,1306.65,110,115,111.54,,
"Sheldon Slaughter Cattle, IA",1/12/2019,Slaughter Heifers,Live,Select and Choice 2 3,34,1200,1400,1282.68,116,119,117.95,,
"Sheldon Slaughter Cattle, IA",1/12/2019,Slaughter Heifers,Live,Choice 2 4,2,1000,1200,1175,120,120,120,,
"Sheldon Slaughter Cattle, IA",1/12/2019,Slaughter Heifers,Live,Select and Choice 2 3,14,1000,1200,1138.29,118.5,118.75,118.6,,
"Sheldon Slaughter Cattle, IA",1/12/2019,Slaughter Heifers,Live,Choice 2 4,30,1200,1400,1312.73,120,122.5,120.52,,
"Sheldon Slaughter Cattle, IA",1/26/2019,Slaughter Heifers,Live,Select 2 3,6,900,1000,961.67,108,110,108.67,,
"Sheldon Slaughter Cattle, IA",1/26/2019,Slaughter Heifers,Live,Choice 2 4,6,1000,1200,1160,120,122.75,121.45,,
"Sheldon Slaughter Cattle, IA",1/26/2019,Slaughter Heifers,Live,Select 2 3,6,1000,1200,1091.83,113,115.5,113.98,,
"Sheldon Slaughter Cattle, IA",1/26/2019,Slaughter Heifers,Live,Choice 2 4,26,1200,1400,1328.58,120,123,120.91,,
"Sheldon Slaughter Cattle, IA",1/26/2019,Slaughter Heifers,Live,Select and Choice 2 3,21,1200,1400,1254.33,117,119,118.37,,
"Sheldon Slaughter Cattle, IA",1/26/2019,Slaughter Heifers,Live,Select and Choice 2 3,10,1000,1200,1186.5,117.5,119,117.95,,
"Sheldon Slaughter Cattle, IA",1/26/2019,Slaughter Heifers,Live,Select 2 3,27,1200,1400,1271.78,110,112,111.01,,
"Sheldon Slaughter Cattle, IA",2/16/2019,Slaughter Heifers,Live,Select and Choice 2 3,83,1200,1400,1324.37,120,124.75,123.08,,
"Sheldon Slaughter Cattle, IA",2/16/2019,Slaughter Heifers,Live,Choice 2 4,31,1200,1400,1337.42,126,129.5,128.06,,
"Sheldon Slaughter Cattle, IA",2/16/2019,Slaughter Heifers,Live,Select 2 3,7,1000,1200,1093.14,114,117.5,115.7,,
"Sheldon Slaughter Cattle, IA",2/16/2019,Slaughter Heifers,Live,Select 2 3,36,1200,1400,1281.72,116,119,118.15,,
"Sheldon Slaughter Cattle, IA",2/16/2019,Slaughter Heifers,Live,Select and Choice 2 3,6,1000,1200,1172.5,122,124.5,122.74,,
"Sheldon Slaughter Cattle, IA",2/23/2019,Slaughter Heifers,Live,Select and Choice 2 3,18,1200,1400,1263.06,122.5,124,123.65,,
"Sheldon Slaughter Cattle, IA",2/23/2019,Slaughter Heifers,Live,Select 2 3,22,1200,1400,1319.59,112,117,114.59,,
"Sheldon Slaughter Cattle, IA",2/23/2019,Slaughter Heifers,Live,Select 2 3,7,1000,1200,1099.71,112,115,113.6,,
"Sheldon Slaughter Cattle, IA",2/23/2019,Slaughter Heifers,Live,Choice 2 4,9,1200,1400,1247.33,124.25,125,124.5,,
"Sheldon Slaughter Cattle, IA",3/2/2019,Slaughter Heifers,Live,Select and Choice 2 3,28,1200,1400,1314.86,124.5,124.75,124.65,,
"Sheldon Slaughter Cattle, IA",3/2/2019,Slaughter Heifers,Live,Select 2 3,4,1200,1400,1345.25,113,114,113.77,,
"Sheldon Slaughter Cattle, IA",3/2/2019,Slaughter Heifers,Live,Select 2 3,2,1000,1200,1160,116,116,116,,
"Sheldon Slaughter Cattle, IA",3/2/2019,Slaughter Heifers,Live,Select and Choice 2 3,12,1000,1200,1125.67,121,124,122.04,,
"Sheldon Slaughter Cattle, IA",3/2/2019,Slaughter Heifers,Live,Choice 2 4,50,1200,1400,1343.08,126.75,128.1,127.59,,
"Sheldon Slaughter Cattle, IA",3/16/2019,Slaughter Heifers,Live,Choice 2 4,49,1200,1400,1318.98,126.25,126.5,126.38,,
"Sheldon Slaughter Cattle, IA",3/16/2019,Slaughter Heifers,Live,Select 2 3,11,1200,1400,1287.09,110,112,111.42,,
"Sheldon Slaughter Cattle, IA",3/16/2019,Slaughter Heifers,Live,Select 2 3,6,1000,1200,1090.33,110,118,115.67,,
"Sheldon Slaughter Cattle, IA",3/16/2019,Slaughter Heifers,Live,Select and Choice 2 3,16,1200,1400,1370,122,122,122,,
"Sheldon Slaughter Cattle, IA",3/23/2019,Slaughter Heifers,Live,Select 2 3,33,1000,1200,1152.48,110,116,113.16,,
"Sheldon Slaughter Cattle, IA",3/23/2019,Slaughter Heifers,Live,Select and Choice 2 3,15,1000,1200,1188.2,120,122.5,122.3,,
"Sheldon Slaughter Cattle, IA",3/23/2019,Slaughter Heifers,Live,Select and Choice 2 3,57,1200,1400,1239.58,120,124.85,123.41,,
"Sheldon Slaughter Cattle, IA",3/23/2019,Slaughter Heifers,Live,Select 2 3,37,1200,1400,1327.92,110,118,115.72,,
"Sheldon Slaughter Cattle, IA",3/23/2019,Slaughter Heifers,Live,Choice 2 4,18,1200,1400,1332.5,127,128,127.17,,
"Sheldon Slaughter Cattle, IA",3/30/2019,Slaughter Heifers,Live,Choice 2 4,23,1200,1400,1298.48,127.25,129.75,128.91,,
"Sheldon Slaughter Cattle, IA",3/30/2019,Slaughter Heifers,Live,Choice 2 4,10,1000,1200,1169.9,126,126.5,126.45,,
"Sheldon Slaughter Cattle, IA",3/30/2019,Slaughter Heifers,Live,Select 2 3,4,1000,1200,1103.75,112,116,114.42,,
"Sheldon Slaughter Cattle, IA",3/30/2019,Slaughter Heifers,Live,Select 2 3,5,1200,1400,1260.2,117,119,118.21,,
"Sheldon Slaughter Cattle, IA",3/30/2019,Slaughter Heifers,Live,Select and Choice 2 3,6,1200,1400,1349.17,124.5,125,124.59,,
"Sheldon Slaughter Cattle, IA",3/30/2019,Slaughter Heifers,Live,Select and Choice 2 3,3,1000,1200,1188.33,123.5,124.5,124.17,,
"Sheldon Slaughter Cattle, IA",4/20/2019,Slaughter Heifers,Live,Select and Choice 2 3,6,1000,1200,1180,120,125.5,124.64,,
"Sheldon Slaughter Cattle, IA",4/20/2019,Slaughter Heifers,Live,Select 2 3,19,1000,1200,1116.37,110,119,116.31,,
"Sheldon Slaughter Cattle, IA",4/20/2019,Slaughter Heifers,Live,Select 2 3,29,1200,1400,1241.31,113,119,116.31,,
"Sheldon Slaughter Cattle, IA",4/20/2019,Slaughter Heifers,Live,Choice 2 4,21,1200,1400,1337.38,127,130,128.09,,
"Sheldon Slaughter Cattle, IA",4/20/2019,Slaughter Heifers,Live,Select and Choice 2 3,23,1200,1400,1240.35,120,124,123.31,,
"Sheldon Slaughter Cattle, IA",4/27/2019,Slaughter Heifers,Live,Select and Choice 2 3,78,1200,1400,1241.58,123,126.5,124.91,,
"Sheldon Slaughter Cattle, IA",4/27/2019,Slaughter Heifers,Live,Select and Choice 2 3,27,1000,1200,1144.26,125,125.5,125.09,,
"Sheldon Slaughter Cattle, IA",4/27/2019,Slaughter Heifers,Live,Select 2 3,13,1000,1200,1108.23,114,120,118.3,,
"Sheldon Slaughter Cattle, IA",4/27/2019,Slaughter Heifers,Live,Select 2 3,11,1200,1400,1269.18,113,122,114.99,,
"Sheldon Slaughter Cattle, IA",4/27/2019,Slaughter Heifers,Live,Choice 2 4,30,1000,1200,1191.63,126,126.5,126.39,,
"Sheldon Slaughter Cattle, IA",4/27/2019,Slaughter Heifers,Live,Choice 2 4,26,1200,1400,1261.81,127,132,129.35,,
"Sheldon Slaughter Cattle, IA",5/4/2019,Slaughter Heifers,Live,Choice 2 4,24,1200,1400,1320.13,126,127,126.12,,
"Sheldon Slaughter Cattle, IA",5/4/2019,Slaughter Heifers,Live,Select 2 3,28,1000,1200,1148.18,110,118,115.8,,
"Sheldon Slaughter Cattle, IA",5/4/2019,Slaughter Heifers,Live,Select and Choice 2 3,49,1200,1400,1236.86,121,121.75,121.49,,
"Sheldon Slaughter Cattle, IA",5/4/2019,Slaughter Heifers,Live,Select and Choice 2 3,60,1000,1200,1196.82,121,123.25,122.26,,
"Sheldon Slaughter Cattle, IA",5/4/2019,Slaughter Heifers,Live,Select 2 3,13,1200,1400,1297.15,110,119,115.75,,
"Sheldon Slaughter Cattle, IA",5/18/2019,Slaughter Heifers,Live,Select and Choice 2 3,2,1200,1400,1298,114,114,114,,
"Sheldon Slaughter Cattle, IA",5/18/2019,Slaughter Heifers,Live,Select 2 3,14,1000,1200,1111.93,101,106,102.65,,
"Sheldon Slaughter Cattle, IA",5/18/2019,Slaughter Heifers,Live,Select and Choice 2 3,8,1000,1200,1171.25,111,115,113.01,,
"Sheldon Slaughter Cattle, IA",5/18/2019,Slaughter Heifers,Live,Select 2 3,9,1200,1400,1302.11,101,108,104.71,,
"Sheldon Slaughter Cattle, IA",5/18/2019,Slaughter Heifers,Live,Choice 2 4,4,1200,1400,1274,117,117,117,,
"Sheldon Slaughter Cattle, IA",5/25/2019,Slaughter Heifers,Live,Choice 2 4,13,1200,1400,1323.62,117,119,118.22,,
"Sheldon Slaughter Cattle, IA",5/25/2019,Slaughter Heifers,Live,Select 2 3,2,1000,1200,1057.5,102,105,103.53,,
"Sheldon Slaughter Cattle, IA",5/25/2019,Slaughter Heifers,Live,Select 2 3,16,1000,1200,1067.5,92,98,94.79,Value Added,
"Sheldon Slaughter Cattle, IA",5/25/2019,Slaughter Heifers,Live,Select and Choice 2 3,6,1000,1200,1139.33,112,113,112.35,,
"Sheldon Slaughter Cattle, IA",5/25/2019,Slaughter Heifers,Live,Select and Choice 2 3,20,1200,1400,1232.05,111,113.75,113.28,,
"Sheldon Slaughter Cattle, IA",5/25/2019,Slaughter Heifers,Live,Select 2 3,5,1200,1400,1271,101,106,104.22,,
"Sheldon Slaughter Cattle, IA",6/1/2019,Slaughter Heifers,Live,Select 2 3,9,1200,1400,1344.89,101,104,102.62,,
"Sheldon Slaughter Cattle, IA",6/1/2019,Slaughter Heifers,Live,Select 2 3,9,1000,1200,1177.33,104,112,107.01,,
"Sheldon Slaughter Cattle, IA",6/1/2019,Slaughter Heifers,Live,Select and Choice 2 3,1,1000,1200,1105,111,111,111,,
"Sheldon Slaughter Cattle, IA",6/1/2019,Slaughter Heifers,Live,Select and Choice 2 3,32,1200,1400,1263.88,111,114,113.4,,
"Sheldon Slaughter Cattle, IA",6/1/2019,Slaughter Heifers,Live,Choice 2 3,8,1000,1200,1036,103,103,103,,
Location,Report Date,Class Description,Selling Basis Description,Grade Description,Head Count,Weight Range Low,Weight Range High,Weighted Average,Price Low,Price High,Average Price,Comments,Pricing Point
"Tama Slaughter, IA",1/5/2019,Slaughter Heifers,Live,Choice 2 4,35,1200,1400,1294.34,119.5,124,122.32,,
"Tama Slaughter, IA",1/5/2019,Slaughter Heifers,Live,Select and Choice 2 3,5,1200,1400,1247,114,119.5,118.37,,
"Tama Slaughter, IA",1/12/2019,Slaughter Heifers,Live,Select and Choice 2 3,12,1000,1200,1125.67,117,120.5,119.42,,
"Tama Slaughter, IA",1/12/2019,Slaughter Heifers,Live,Select and Choice 2 3,30,1200,1400,1255.93,119,121.75,120.25,,
"Tama Slaughter, IA",1/12/2019,Slaughter Heifers,Live,Choice 2 4,108,1200,1400,1318.85,121.75,125.75,124.13,,
"Tama Slaughter, IA",1/19/2019,Slaughter Heifers,Live,Choice 2 4,5,1000,1200,1181,126,126.75,126.15,,
"Tama Slaughter, IA",1/19/2019,Slaughter Heifers,Live,Choice 2 4,99,1200,1400,1307.71,122,128.25,125.27,,
"Tama Slaughter, IA",1/19/2019,Slaughter Heifers,Live,Select and Choice 2 3,10,1000,1200,1100.8,117,122.5,120.14,,
"Tama Slaughter, IA",1/19/2019,Slaughter Heifers,Live,Select and Choice 2 3,19,1200,1400,1299.68,119,121.5,120.49,,
"Tama Slaughter, IA",1/19/2019,Slaughter Heifers,Live,Select 2 3,9,1000,1200,1033,129,129,129,,
"Tama Slaughter, IA",1/26/2019,Slaughter Heifers,Live,Choice 2 4,10,1000,1200,1128.4,129,129.5,129.3,,
"Tama Slaughter, IA",1/26/2019,Slaughter Heifers,Live,Select and Choice 2 3,1,1000,1200,1110,124,124,124,,
"Tama Slaughter, IA",1/26/2019,Slaughter Heifers,Live,Select and Choice 2 3,2,1200,1400,1358,124,124,124,,
"Tama Slaughter, IA",1/26/2019,Slaughter Heifers,Live,Choice 2 4,72,1200,1400,1303.24,125.5,130.25,128.8,,
"Tama Slaughter, IA",2/9/2019,Slaughter Heifers,Live,Choice 2 4,77,1200,1400,1312.18,123,127.5,125.79,,
"Tama Slaughter, IA",2/9/2019,Slaughter Heifers,Live,Select and Choice 2 3,38,1000,1200,1138.63,118,124.1,122.19,,
"Tama Slaughter, IA",2/9/2019,Slaughter Heifers,Live,Select and Choice 2 3,6,1200,1400,1230.33,120,122.5,121.67,,
"Tama Slaughter, IA",3/2/2019,Slaughter Heifers,Live,Choice 2 4,45,1200,1400,1325.82,126.85,132.5,130.2,,
"Tama Slaughter, IA",3/2/2019,Slaughter Heifers,Live,Choice 2 4,4,1000,1200,1172.75,129.5,129.75,129.69,,
"Tama Slaughter, IA",3/2/2019,Slaughter Heifers,Live,Select and Choice 2 3,9,1000,1200,1159.56,123,128.25,124.87,,
"Tama Slaughter, IA",3/2/2019,Slaughter Heifers,Live,Select 2 3,5,1000,1200,1066.4,119,122,120.14,,
"Tama Slaughter, IA",3/2/2019,Slaughter Heifers,Live,Select and Choice 2 3,7,1200,1400,1271.57,122,125,123.36,,
"Tama Slaughter, IA",3/9/2019,Slaughter Heifers,Live,Select 2 3,1,900,1000,960,112,112,112,,
"Tama Slaughter, IA",3/9/2019,Slaughter Heifers,Live,Select and Choice 2 3,20,1200,1400,1231.95,120,126,123.71,,
"Tama Slaughter, IA",3/9/2019,Slaughter Heifers,Live,Select 2 3,3,1000,1200,1040.33,110.5,113,111.37,,
"Tama Slaughter, IA",3/9/2019,Slaughter Heifers,Live,Choice 2 4,5,1000,1200,1191,130,130,130,,
"Tama Slaughter, IA",3/9/2019,Slaughter Heifers,Live,Choice 2 4,35,1200,1400,1333.11,126.5,132.5,129.39,,
"Tama Slaughter, IA",3/9/2019,Slaughter Heifers,Live,Select and Choice 2 3,34,1000,1200,1154.94,122.5,128.5,127.38,,
"Tama Slaughter, IA",3/16/2019,Slaughter Heifers,Live,Choice 2 4,98,1200,1400,1318.69,124,129.75,127.08,,
"Tama Slaughter, IA",3/16/2019,Slaughter Heifers,Live,Select 2 3,2,1200,1400,1265,119,119,119,,
"Tama Slaughter, IA",3/16/2019,Slaughter Heifers,Live,Select and Choice 2 3,75,1000,1200,1160.68,121,129.1,126.33,,
"Tama Slaughter, IA",3/16/2019,Slaughter Heifers,Live,Select 2 3,9,1000,1200,1100.33,110.5,120.5,116.49,,
"Tama Slaughter, IA",3/16/2019,Slaughter Heifers,Live,Select and Choice 2 3,10,1200,1400,1284.4,120,123.5,122.03,,
"Tama Slaughter, IA",3/23/2019,Slaughter Heifers,Live,Select and Choice 2 3,8,1200,1400,1248.75,122.5,124.75,123.78,,
"Tama Slaughter, IA",3/23/2019,Slaughter Heifers,Live,Select and Choice 2 3,28,1000,1200,1179.93,123,128.5,126.06,,
"Tama Slaughter, IA",3/23/2019,Slaughter Heifers,Live,Select 2 3,2,1000,1200,1145,110,115,112.47,,
"Tama Slaughter, IA",3/23/2019,Slaughter Heifers,Live,Select 2 3,4,1200,1400,1285.25,116,120,117.97,,
"Tama Slaughter, IA",3/23/2019,Slaughter Heifers,Live,Choice 2 4,49,1200,1400,1298.49,124.75,131,127.59,,
"Tama Slaughter, IA",3/30/2019,Slaughter Heifers,Live,Select and Choice 2 3,6,1000,1200,1188.33,120,121,120.84,,
"Tama Slaughter, IA",3/30/2019,Slaughter Heifers,Live,Choice 2 4,75,1200,1400,1258.69,125,131,127.41,,
"Tama Slaughter, IA",3/30/2019,Slaughter Heifers,Live,Select 2 3,10,1000,1200,1034.5,118,119.5,118.16,,
"Tama Slaughter, IA",3/30/2019,Slaughter Heifers,Live,Select 2 3,1,1200,1400,1245,114,114,114,,
"Tama Slaughter, IA",3/30/2019,Slaughter Heifers,Live,Select and Choice 2 3,8,1200,1400,1285.75,120,124.5,123.16,,
"Tama Slaughter, IA",4/6/2019,Slaughter Heifers,Live,Select and Choice 2 3,23,1000,1200,1117.65,122,126,125.49,,
"Tama Slaughter, IA",4/6/2019,Slaughter Heifers,Live,Select and Choice 2 3,6,1200,1400,1260,120,124,123.09,,
"Tama Slaughter, IA",4/6/2019,Slaughter Heifers,Live,Choice 2 4,48,1200,1400,1295.94,126.5,131,128.47,,
"Tama Slaughter, IA",4/6/2019,Slaughter Heifers,Live,Select 2 3,2,1200,1400,1270,116,117,116.5,,
"Tama Slaughter, IA",4/6/2019,Slaughter Heifers,Live,Choice 2 4,7,1000,1200,1179.71,130,131,130.86,,
"Tama Slaughter, IA",4/13/2019,Slaughter Heifers,Live,Choice 2 4,62,1200,1400,1226.71,127.85,135,129.41,,
"Tama Slaughter, IA",4/13/2019,Slaughter Heifers,Live,Choice 2 4,3,1000,1200,1193,132,132,132,,
"Tama Slaughter, IA",4/13/2019,Slaughter Heifers,Live,Select and Choice 2 3,4,1200,1400,1280.5,124.75,126,125.45,,
"Tama Slaughter, IA",4/13/2019,Slaughter Heifers,Live,Select and Choice 2 3,65,1000,1200,1135.05,125.5,128,127.63,,
"Tama Slaughter, IA",4/13/2019,Slaughter Heifers,Live,Select 2 3,6,900,1000,913,110,110,110,,
"Tama Slaughter, IA",4/20/2019,Slaughter Heifers,Live,Select and Choice 2 3,4,1200,1400,1300,126.5,127.5,126.99,,
"Tama Slaughter, IA",4/20/2019,Slaughter Heifers,Live,Select and Choice 2 3,19,1000,1200,1109.42,122,129.5,127.69,,
"Tama Slaughter, IA",4/20/2019,Slaughter Heifers,Live,Choice 2 4,17,1200,1400,1310.35,127.5,134,131.33,,
"Tama Slaughter, IA",4/27/2019,Slaughter Heifers,Live,Select and Choice 2 3,2,1200,1400,1272.5,123,128,125.63,,
"Tama Slaughter, IA",4/27/2019,Slaughter Heifers,Live,Select and Choice 2 3,2,1000,1200,1132.5,122,128,125.1,,
"Tama Slaughter, IA",4/27/2019,Slaughter Heifers,Live,Select 2 3,8,1000,1200,1034.75,115.5,118,115.82,,
"Tama Slaughter, IA",4/27/2019,Slaughter Heifers,Live,Choice 2 4,18,1000,1200,1189.72,131.75,133,131.85,,
"Tama Slaughter, IA",4/27/2019,Slaughter Heifers,Live,Choice 2 4,26,1200,1400,1284.54,129.75,133,130.84,,
"Tama Slaughter, IA",5/4/2019,Slaughter Heifers,Live,Choice 2 4,36,1200,1400,1278.19,127.25,129.35,128.77,,
"Tama Slaughter, IA",5/4/2019,Slaughter Heifers,Live,Select and Choice 2 3,29,1200,1400,1281.83,121.25,127.25,124.51,,
"Tama Slaughter, IA",5/4/2019,Slaughter Heifers,Live,Select and Choice 2 3,35,1000,1200,1140.17,120,127.6,122.67,,
"Tama Slaughter, IA",5/11/2019,Slaughter Heifers,Live,Choice 2 4,4,1200,1400,1265.25,125,126,125.62,,
"Tama Slaughter, IA",5/11/2019,Slaughter Heifers,Live,Choice 2 4,8,1000,1200,1186.88,124.75,127.25,125.68,,
"Tama Slaughter, IA",5/11/2019,Slaughter Heifers,Live,Select 2 3,2,1000,1200,1140,105,107.5,106.19,,
"Tama Slaughter, IA",5/11/2019,Slaughter Heifers,Live,Select and Choice 2 3,5,1000,1200,1157.8,117.75,120,118.61,,
"Tama Slaughter, IA",5/11/2019,Slaughter Heifers,Live,Select and Choice 2 3,23,1200,1400,1276.26,116,123.5,119.54,,
"Tama Slaughter, IA",5/18/2019,Slaughter Heifers,Live,Select 2 3,1,1200,1400,1200,113,113,113,,
"Tama Slaughter, IA",5/18/2019,Slaughter Heifers,Live,Select 2 3,3,1000,1200,1062,112,113,112.33,,
"Tama Slaughter, IA",5/18/2019,Slaughter Heifers,Live,Select and Choice 2 3,5,1200,1400,1255.2,116.5,117.5,117.09,,
"Tama Slaughter, IA",5/18/2019,Slaughter Heifers,Live,Select and Choice 2 3,40,1000,1200,1177.6,117,120.5,119.91,,
"Tama Slaughter, IA",5/18/2019,Slaughter Heifers,Live,Choice 2 4,54,1200,1400,1270.7,120,122.6,121.64,,
"Tama Slaughter, IA",5/25/2019,Slaughter Heifers,Live,Choice 2 4,10,1200,1400,1298.6,119.25,122,121.1,,
"Tama Slaughter, IA",5/25/2019,Slaughter Heifers,Live,Select and Choice 2 3,13,1000,1200,1095.92,114,121.1,119.35,,
"Tama Slaughter, IA",5/25/2019,Slaughter Heifers,Live,Select and Choice 2 3,12,1200,1400,1277.5,116.75,118.5,117.49,,
"Tama Slaughter, IA",6/1/2019,Slaughter Heifers,Live,Choice 2 4,19,1200,1400,1338.42,119.25,123.5,122.51,,
"Tama Slaughter, IA",6/1/2019,Slaughter Heifers,Live,Select and Choice 2 3,17,1000,1200,1150,114,118.25,116.97,,
"Tama Slaughter, IA",6/1/2019,Slaughter Heifers,Live,Select and Choice 2 3,11,1200,1400,1285.18,117,118.5,118.18,,
Location,Report Date,Class Description,Selling Basis Description,Grade Description,Head Count,Weight Range Low,Weight Range High,Weighted Average,Price Low,Price High,Average Price,Comments,Pricing Point
"Fairview, IL",1/12/2019,Slaughter Heifers,Live,Choice 2 4,9,1000,1200,1158.67,114,119.5,115.79,,
"Fairview, IL",1/12/2019,Slaughter Heifers,Live,Choice 2 4,2,1000,1200,1117.5,110,112.5,111.19,Low Dressing,
"Fairview, IL",1/12/2019,Slaughter Heifers,Live,Choice 2 4,5,1200,1400,1333.8,122,122.75,122.46,High Dressing,
"Fairview, IL",1/12/2019,Slaughter Heifers,Live,Select and Choice 2 3,3,1000,1200,1063.33,103,113,109.83,,
"Fairview, IL",1/12/2019,Slaughter Heifers,Live,Select 1 2,2,1000,1100,1087,80,80,80,,
"Fairview, IL",1/12/2019,Slaughter Heifers,Live,Select and Choice 2 3,1,1200,1400,1230,102.5,102.5,102.5,,
"Fairview, IL",1/12/2019,Slaughter Heifers,Live,Choice 2 4,25,1200,1400,1323.36,114,120.25,117.42,,
"Fairview, IL",1/19/2019,Slaughter Heifers,Live,Choice 2 4,22,1200,1400,1287.91,120,125.5,122.72,,
"Fairview, IL",1/19/2019,Slaughter Heifers,Live,Choice 2 4,2,1000,1200,1170,117.5,117.5,117.5,Low Dressing,
"Fairview, IL",1/19/2019,Slaughter Heifers,Live,Select 1 2,1,1000,1100,1015,75,75,75,,
"Fairview, IL",1/19/2019,Slaughter Heifers,Live,Select and Choice 2 3,2,900,1000,967.5,107,110,108.5,,
"Fairview, IL",1/19/2019,Slaughter Heifers,Live,Select and Choice 2 3,2,1200,1400,1235,111,112.5,111.75,,
"Fairview, IL",1/26/2019,Slaughter Heifers,Live,Choice 2 4,1,1000,1200,1195,121,121,121,Low Dressing,
"Fairview, IL",1/26/2019,Slaughter Heifers,Live,Choice 2 4,5,1000,1200,1114,122,125,123.53,,
"Fairview, IL",1/26/2019,Slaughter Heifers,Live,Select 1 2,1,1100,1200,1160,70,70,70,,
"Fairview, IL",1/26/2019,Slaughter Heifers,Live,Select and Choice 2 3,3,1000,1200,1123.33,117.5,119.5,118.53,,
"Fairview, IL",1/26/2019,Slaughter Heifers,Live,Choice 2 4,43,1200,1400,1310.05,122,128.5,125.74,,
"Fairview, IL",1/26/2019,Slaughter Heifers,Live,Choice 2 4,1,1200,1400,1375,120,120,120,Low Dressing,
"Fairview, IL",2/9/2019,Slaughter Heifers,Live,Choice 2 4,2,1000,1200,1137.5,123,125.5,124.21,,
"Fairview, IL",2/9/2019,Slaughter Heifers,Live,Select and Choice 2 3,2,1000,1200,1157.5,119,122.5,120.7,,
"Fairview, IL",2/9/2019,Slaughter Heifers,Live,Select and Choice 2 3,1,1200,1400,1265,115,115,115,,
"Fairview, IL",2/9/2019,Slaughter Heifers,Live,Choice 2 4,2,1200,1400,1332.5,109,117.5,113.31,Low Dressing,
"Fairview, IL",2/9/2019,Slaughter Heifers,Live,Choice 2 4,21,1200,1400,1299.57,124.5,129.5,126.6,,
"Fairview, IL",2/16/2019,Slaughter Heifers,Live,Select and Choice 2 3,3,1000,1200,1078.33,113,122.5,117.77,,
"Fairview, IL",2/16/2019,Slaughter Heifers,Live,Choice 2 4,3,1000,1200,1148.33,125,128.5,126.84,,
"Fairview, IL",2/16/2019,Slaughter Heifers,Live,Choice 2 4,31,1200,1400,1301.61,124,127.5,125.72,,
"Fairview, IL",2/23/2019,Slaughter Heifers,Live,Choice 2 4,8,1200,1400,1267.38,117.5,123.5,121.67,Low Dressing,
"Fairview, IL",2/23/2019,Slaughter Heifers,Live,Choice 2 4,36,1200,1400,1303.47,124,130,126.1,,
"Fairview, IL",2/23/2019,Slaughter Heifers,Live,Choice 2 4,2,1000,1200,1062,122,122,122,Low Dressing,
"Fairview, IL",2/23/2019,Slaughter Heifers,Live,Select and Choice 2 3,2,1000,1200,1037.5,113,115,113.96,,
"Fairview, IL",2/23/2019,Slaughter Heifers,Live,Select 1 2,1,1000,1100,1080,76,76,76,,
"Fairview, IL",2/23/2019,Slaughter Heifers,Live,Choice 2 4,3,1000,1200,1154.67,124.5,124.5,124.5,,
"Fairview, IL",3/2/2019,Slaughter Heifers,Live,Choice 2 4,1,1200,1400,1385,118.5,118.5,118.5,Low Dressing,
"Fairview, IL",3/2/2019,Slaughter Heifers,Live,Choice 2 4,10,1200,1400,1349.4,125.5,131.5,128.83,,
"Fairview, IL",3/2/2019,Slaughter Heifers,Live,Choice 2 4,3,1000,1200,1184.67,128,129,128.67,,
"Fairview, IL",3/2/2019,Slaughter Heifers,Live,Select 1 2,1,1200,1300,1220,74,74,74,,
"Fairview, IL",3/2/2019,Slaughter Heifers,Live,Select and Choice 2 3,2,900,1000,982,94,94,94,Low Dressing,
"Fairview, IL",3/16/2019,Slaughter Heifers,Live,Choice 2 4,3,1200,1400,1295,133,134,133.34,High Dressing,
"Fairview, IL",3/16/2019,Slaughter Heifers,Live,Choice 2 4,1,1200,1400,1230,122.5,122.5,122.5,Low Dressing,
"Fairview, IL",3/16/2019,Slaughter Heifers,Live,Choice 2 4,28,1200,1400,1328.04,126.5,131.5,129.31,,
"Fairview, IL",3/16/2019,Slaughter Heifers,Live,Select and Choice 2 3,2,1000,1200,1147,114.5,114.5,114.5,,
"Fairview, IL",3/16/2019,Slaughter Heifers,Live,Choice 2 4,1,1000,1200,1165,115.5,115.5,115.5,Low Dressing,
"Fairview, IL",3/16/2019,Slaughter Heifers,Live,Choice 2 4,1,1000,1200,1150,125,125,125,,
"Fairview, IL",3/30/2019,Slaughter Heifers,Live,Choice 2 4,2,1000,1200,1157.5,126,128,126.97,,
"Fairview, IL",3/30/2019,Slaughter Heifers,Live,Choice 2 4,1,1200,1400,1235,120,120,120,Low Dressing,
"Fairview, IL",3/30/2019,Slaughter Heifers,Live,Choice 2 4,16,1200,1400,1319.94,125.5,131.5,130.12,,
"Fairview, IL",3/30/2019,Slaughter Heifers,Live,Select 1 2,1,1000,1100,1065,69,69,69,,
"Fairview, IL",4/6/2019,Slaughter Heifers,Live,Choice 2 4,4,1000,1200,1111.25,123,125.5,124.23,Low Dressing,
"Fairview, IL",4/6/2019,Slaughter Heifers,Live,Select and Choice 2 3,2,1000,1200,1080,106,125,115.5,,
"Fairview, IL",4/6/2019,Slaughter Heifers,Live,Choice 2 4,10,1000,1200,1158.9,127.5,132,129.42,,
"Fairview, IL",4/6/2019,Slaughter Heifers,Live,Choice 2 4,25,1200,1400,1323.44,126,132.5,130.46,,
"Fairview, IL",4/6/2019,Slaughter Heifers,Live,Choice 2 4,5,1200,1400,1266,120.5,124,122.5,Low Dressing,
"Fairview, IL",4/6/2019,Slaughter Heifers,Live,Select and Choice 2 3,1,900,1000,945,115,115,115,,
"Fairview, IL",4/13/2019,Slaughter Heifers,Live,Choice 2 4,4,1000,1200,1120,130.5,132.5,131.25,,
"Fairview, IL",4/13/2019,Slaughter Heifers,Live,Choice 2 4,21,1200,1400,1291.19,127,132.5,130.65,,
"Fairview, IL",4/13/2019,Slaughter Heifers,Live,Choice 2 4,1,1200,1400,1245,125,125,125,Low Dressing,
"Fairview, IL",4/13/2019,Slaughter Heifers,Live,Select and Choice 2 3,2,1000,1200,1060,122.5,122.5,122.5,,
"Fairview, IL",4/20/2019,Slaughter Heifers,Live,Select and Choice 2 3,2,1200,1400,1230,122,122,122,,
"Fairview, IL",4/20/2019,Slaughter Heifers,Live,Choice 2 4,1,1200,1400,1315,134,134,134,High Dressing,
"Fairview, IL",4/20/2019,Slaughter Heifers,Live,Choice 2 4,11,1200,1400,1290.73,129,132,130.77,,
"Fairview, IL",4/20/2019,Slaughter Heifers,Live,Choice 2 4,6,1000,1200,1173.83,128,130.5,129.76,,
"Fairview, IL",4/20/2019,Slaughter Heifers,Live,Choice 2 4,1,1000,1200,1110,124,124,124,Low Dressing,
"Fairview, IL",4/20/2019,Slaughter Heifers,Live,Select and Choice 2 3,5,1000,1200,1067.8,110,124,116.32,,
"Fairview, IL",4/27/2019,Slaughter Heifers,Live,Choice 2 4,13,1200,1400,1284.23,128.5,133.5,131.05,,
"Fairview, IL",4/27/2019,Slaughter Heifers,Live,Select and Choice 2 3,3,1200,1400,1303.33,114.5,122.5,119.84,,
"Fairview, IL",4/27/2019,Slaughter Heifers,Live,Choice 2 4,4,1200,1400,1255,111,124.5,116.27,Low Dressing,
"Fairview, IL",4/27/2019,Slaughter Heifers,Live,Choice 2 4,2,1200,1400,1330,136,136,136,High Dressing,
"Fairview, IL",4/27/2019,Slaughter Heifers,Live,Choice 2 4,4,1000,1200,1167.5,128.5,132.5,129.86,,
"Fairview, IL",5/4/2019,Slaughter Heifers,Live,Choice 2 4,16,1200,1400,1316.81,125,131.25,129.59,,
"Fairview, IL",5/4/2019,Slaughter Heifers,Live,Choice 2 4,5,1200,1400,1294.8,99,124,117.4,Low Dressing,
"Fairview, IL",5/4/2019,Slaughter Heifers,Live,Select and Choice 2 3,3,1000,1200,1173.33,105,124.5,113.53,,
"Fairview, IL",5/4/2019,Slaughter Heifers,Live,Select and Choice 2 3,1,1000,1200,1100,99,99,99,Low Dressing,
"Fairview, IL",5/4/2019,Slaughter Heifers,Live,Select 1 2,1,1000,1100,1020,73,73,73,,
"Fairview, IL",5/4/2019,Slaughter Heifers,Live,Choice 2 4,3,1000,1200,1130,105,120,114.3,Low Dressing,
"Fairview, IL",5/4/2019,Slaughter Heifers,Live,Choice 2 4,16,1000,1200,1154.75,125,129.75,128.61,,
"Fairview, IL",5/4/2019,Slaughter Heifers,Live,Choice 2 4,1,900,1000,965,119,119,119,Low Dressing,
"Fairview, IL",5/4/2019,Slaughter Heifers,Live,Select 1 2,1,1100,1200,1140,67,67,67,,
"Fairview, IL",5/11/2019,Slaughter Heifers,Live,Select and Choice 2 3,3,900,1000,950,93,113,100.48,,
"Fairview, IL",5/11/2019,Slaughter Heifers,Live,Select and Choice 2 3,7,1000,1200,1111.29,98,120,109.59,,
"Fairview, IL",5/11/2019,Slaughter Heifers,Live,Select 1 2,1,1100,1200,1175,68,68,68,,
"Fairview, IL",5/11/2019,Slaughter Heifers,Live,Choice 2 4,2,1000,1200,1162.5,113.5,116,114.77,Low Dressing,
"Fairview, IL",5/11/2019,Slaughter Heifers,Live,Choice 2 4,5,1000,1200,1153,120,125,122.71,,
"Fairview, IL",5/11/2019,Slaughter Heifers,Live,Choice 2 4,34,1200,1400,1287.68,120,125.5,123.95,,
"Fairview, IL",5/11/2019,Slaughter Heifers,Live,Choice 2 4,4,1200,1400,1315,115.5,119.5,118.45,Low Dressing,
"Fairview, IL",5/11/2019,Slaughter Heifers,Live,Select and Choice 2 3,6,1200,1400,1242.33,92,119.5,105.99,,
Location,Report Date,Class Description,Selling Basis Description,Grade Description,Head Count,Weight Range Low,Weight Range High,Weighted Average,Price Low,Price High,Average Price,Comments,Pricing Point
"Greenville, IL",1/5/2019,Slaughter Heifers,Live,Select and Choice 2 3,2,1000,1200,1150,114,114,114,,
"Greenville, IL",1/5/2019,Slaughter Heifers,Live,Select and Choice 2 3,1,1200,1400,1235,114,114,114,,
"Greenville, IL",1/5/2019,Slaughter Heifers,Live,Choice 2 4,29,1000,1200,1137.59,115,120,117.31,,
"Greenville, IL",1/5/2019,Slaughter Heifers,Live,Choice 2 4,2,1000,1200,1162.5,122,122,122,High Dressing,
"Greenville, IL",1/5/2019,Slaughter Heifers,Live,Choice 2 4,4,1000,1200,1168.75,110,112,110.74,Low Dressing,
"Greenville, IL",1/5/2019,Slaughter Heifers,Live,Choice 2 4,19,1200,1400,1281.32,105,114,111.37,Low Dressing,
"Greenville, IL",1/5/2019,Slaughter Heifers,Live,Choice 2 4,7,1200,1400,1310.71,122,125,123.61,High Dressing,
"Greenville, IL",1/5/2019,Slaughter Heifers,Live,Choice 2 4,111,1200,1400,1272.66,115,121,117.22,,
"Greenville, IL",1/19/2019,Slaughter Heifers,Live,Choice 2 4,8,1200,1400,1279.38,105,118,115.14,Low Dressing,
"Greenville, IL",1/19/2019,Slaughter Heifers,Live,Choice 2 4,37,1200,1400,1284.19,119,125,122.78,,
"Greenville, IL",1/19/2019,Slaughter Heifers,Live,Select and Choice 2 3,1,900,1000,985,117,117,117,,
"Greenville, IL",1/19/2019,Slaughter Heifers,Live,Select and Choice 2 3,1,1000,1200,1165,117,117,117,,
"Greenville, IL",1/19/2019,Slaughter Heifers,Live,Choice 2 4,1,900,1000,970,120,120,120,,
"Greenville, IL",1/19/2019,Slaughter Heifers,Live,Choice 2 4,32,1000,1200,1134.06,119,125,121.88,,
"Greenville, IL",1/19/2019,Slaughter Heifers,Live,Choice 2 4,3,1000,1200,1116.67,115,117,116.36,Low Dressing,
"Greenville, IL",1/19/2019,Slaughter Heifers,Live,Choice 2 4,7,1200,1400,1258.57,126,128,127.14,High Dressing,
"Greenville, IL",1/26/2019,Slaughter Heifers,Live,Choice 2 4,11,1000,1200,1140.45,110,121,117.82,Low Dressing,
"Greenville, IL",1/26/2019,Slaughter Heifers,Live,Choice 2 4,27,1000,1200,1150,122,125,123.75,,
"Greenville, IL",1/26/2019,Slaughter Heifers,Live,Choice 2 4,5,1200,1400,1283,130,130,130,High Dressing,
"Greenville, IL",1/26/2019,Slaughter Heifers,Live,Choice 2 4,59,1200,1400,1280.08,122,128,124.39,,
"Greenville, IL",1/26/2019,Slaughter Heifers,Live,Choice 2 4,8,1200,1400,1254.38,115,121,119.16,Low Dressing,
"Greenville, IL",1/26/2019,Slaughter Heifers,Live,Select and Choice 2 3,7,1000,1200,1100.71,110,121,114.47,,
"Greenville, IL",2/2/2019,Slaughter Heifers,Live,Choice 2 4,8,1000,1200,1103.75,124,130,125.96,,
"Greenville, IL",2/2/2019,Slaughter Heifers,Live,Choice 2 4,2,1000,1200,1100,122,123,122.5,Low Dressing,
"Greenville, IL",2/2/2019,Slaughter Heifers,Live,Choice 2 4,7,1200,1400,1308.57,124,125,124.86,,
"Greenville, IL",2/2/2019,Slaughter Heifers,Live,Select and Choice 2 3,2,1000,1200,1112.5,110,116,113.03,,
"Greenville, IL",2/2/2019,Slaughter Heifers,Live,Choice 2 4,8,1200,1400,1286.25,120,123,121.5,Low Dressing,
"Greenville, IL",2/9/2019,Slaughter Heifers,Live,Choice 2 4,16,1000,1200,1138.13,123,127,124.31,,
"Greenville, IL",2/9/2019,Slaughter Heifers,Live,Choice 2 4,39,1200,1400,1274.85,123,128,125.08,,
"Greenville, IL",2/9/2019,Slaughter Heifers,Live,Choice 2 4,11,1200,1400,1301.82,115,122,120.97,Low Dressing,
"Greenville, IL",2/9/2019,Slaughter Heifers,Live,Choice 2 4,5,1000,1200,1124,118,122,120.19,Low Dressing,
"Greenville, IL",2/9/2019,Slaughter Heifers,Live,Choice 2 4,4,1200,1400,1292.5,130,130,130,High Dressing,
"Greenville, IL",2/16/2019,Slaughter Heifers,Live,Select and Choice 2 3,3,1000,1200,1088.33,120,121,120.33,,
"Greenville, IL",2/16/2019,Slaughter Heifers,Live,Select and Choice 2 3,1,1200,1400,1255,115,115,115,,
"Greenville, IL",2/16/2019,Slaughter Heifers,Live,Choice 2 4,10,1200,1400,1270.5,120,122,121.29,Low Dressing,
"Greenville, IL",2/16/2019,Slaughter Heifers,Live,Choice 2 4,23,1200,1400,1309.78,124,130,125.75,,
"Greenville, IL",2/16/2019,Slaughter Heifers,Live,Choice 2 4,2,1000,1200,1042.5,115,122,118.44,Low Dressing,
"Greenville, IL",2/16/2019,Slaughter Heifers,Live,Choice 2 4,9,1000,1200,1130,124,125,124.55,,
"Greenville, IL",3/2/2019,Slaughter Heifers,Live,Choice 2 4,2,1200,1400,1352.5,132,132,132,High Dressing,
"Greenville, IL",3/2/2019,Slaughter Heifers,Live,Choice 2 4,50,1200,1400,1280.7,125,131,127.7,,
"Greenville, IL",3/2/2019,Slaughter Heifers,Live,Choice 2 4,21,1200,1400,1304.76,100,123,117.14,Low Dressing,
"Greenville, IL",3/2/2019,Slaughter Heifers,Live,Select and Choice 2 3,1,1200,1400,1245,120,120,120,,
"Greenville, IL",3/2/2019,Slaughter Heifers,Live,Choice 2 4,4,1000,1200,1128.75,122,123,122.24,Low Dressing,
"Greenville, IL",3/2/2019,Slaughter Heifers,Live,Choice 2 4,10,1000,1200,1145.7,125,127,125.59,,
"Greenville, IL",3/9/2019,Slaughter Heifers,Live,Choice 2 4,2,1200,1400,1297.5,132,134,133.03,High Dressing,
"Greenville, IL",3/9/2019,Slaughter Heifers,Live,Choice 2 4,24,1000,1200,1143.96,125,131,128.6,,
"Greenville, IL",3/9/2019,Slaughter Heifers,Live,Choice 2 4,3,1000,1200,1126.67,105,121,114.95,Low Dressing,
"Greenville, IL",3/9/2019,Slaughter Heifers,Live,Choice 2 4,20,1200,1400,1290.25,128,131,129.05,,
"Greenville, IL",3/9/2019,Slaughter Heifers,Live,Choice 2 4,3,1200,1400,1285,120,123,122.06,Low Dressing,
"Greenville, IL",3/16/2019,Slaughter Heifers,Live,Choice 2 4,8,1200,1400,1280.63,120,124,121.96,Low Dressing,
"Greenville, IL",3/16/2019,Slaughter Heifers,Live,Choice 2 4,53,1200,1400,1273.58,125,131,128,,
"Greenville, IL",3/16/2019,Slaughter Heifers,Live,Choice 2 4,3,1200,1400,1235,132,134,133,High Dressing,
"Greenville, IL",3/16/2019,Slaughter Heifers,Live,Choice 2 4,3,1000,1200,1155,120,124,122.32,Low Dressing,
"Greenville, IL",3/16/2019,Slaughter Heifers,Live,Choice 2 4,24,1000,1200,1139.17,125,131,127.78,,
"Greenville, IL",3/16/2019,Slaughter Heifers,Live,Select and Choice 2 3,8,1000,1200,1111.88,102,120,111.71,,
"Greenville, IL",3/16/2019,Slaughter Heifers,Live,Select and Choice 2 3,1,900,1000,980,115,115,115,,
"Greenville, IL",3/16/2019,Slaughter Heifers,Live,Select and Choice 2 3,2,1200,1400,1232.5,100,122,111.16,,
"Greenville, IL",3/23/2019,Slaughter Heifers,Live,Choice 2 4,30,1200,1400,1290.5,124,131,127.86,,
"Greenville, IL",3/23/2019,Slaughter Heifers,Live,Choice 2 4,4,1200,1400,1286.25,110,120,112.42,Low Dressing,
"Greenville, IL",3/23/2019,Slaughter Heifers,Live,Choice 2 4,9,1200,1400,1287.22,131,134,132.91,High Dressing,
"Greenville, IL",3/23/2019,Slaughter Heifers,Live,Select and Choice 2 3,1,900,1000,945,120,120,120,,
"Greenville, IL",3/23/2019,Slaughter Heifers,Live,Select and Choice 2 3,1,1000,1200,1140,99,99,99,Low Dressing,
"Greenville, IL",3/23/2019,Slaughter Heifers,Live,Select and Choice 2 3,3,1000,1200,1055,104,120,112,,
"Greenville, IL",3/23/2019,Slaughter Heifers,Live,Choice 2 4,2,1000,1200,1140,131,131,131,High Dressing,
"Greenville, IL",3/23/2019,Slaughter Heifers,Live,Choice 2 4,30,1000,1200,1143.5,124,130,127.48,,
"Greenville, IL",3/23/2019,Slaughter Heifers,Live,Choice 2 4,3,1000,1200,1090,115,120,116.82,Low Dressing,
"Greenville, IL",3/30/2019,Slaughter Heifers,Live,Choice 2 4,22,1200,1400,1244.77,125,131,128.84,,
"Greenville, IL",3/30/2019,Slaughter Heifers,Live,Select 1 2,1,1200,1300,1225,66,66,66,,
"Greenville, IL",3/30/2019,Slaughter Heifers,Live,Select 1 2,1,1000,1100,1065,80,80,80,,
"Greenville, IL",3/30/2019,Slaughter Heifers,Live,Select 1 2,1,1100,1200,1180,76,76,76,,
"Greenville, IL",3/30/2019,Slaughter Heifers,Live,Select and Choice 2 3,1,1200,1400,1330,124,124,124,,
"Greenville, IL",3/30/2019,Slaughter Heifers,Live,Select and Choice 2 3,1,900,1000,940,120,120,120,,
"Greenville, IL",3/30/2019,Slaughter Heifers,Live,Choice 2 4,2,1200,1400,1362.5,122,122,122,Low Dressing,
"Greenville, IL",3/30/2019,Slaughter Heifers,Live,Select and Choice 2 3,1,1000,1200,1010,124,124,124,,
"Greenville, IL",3/30/2019,Slaughter Heifers,Live,Choice 2 4,1,1000,1200,1105,135,135,135,High Dressing,
"Greenville, IL",3/30/2019,Slaughter Heifers,Live,Choice 2 4,11,1000,1200,1126.36,125,131,128.17,,
"Greenville, IL",4/6/2019,Slaughter Heifers,Live,Choice 2 4,7,1200,1400,1280.71,132,134,132.29,High Dressing,
"Greenville, IL",4/6/2019,Slaughter Heifers,Live,Choice 2 4,42,1200,1400,1275,125,131,128.46,,
"Greenville, IL",4/6/2019,Slaughter Heifers,Live,Choice 2 4,1,900,1000,975,126,126,126,,
"Greenville, IL",4/6/2019,Slaughter Heifers,Live,Choice 2 4,4,1200,1400,1267.5,120,124,122.77,Low Dressing,
"Greenville, IL",4/6/2019,Slaughter Heifers,Live,Choice 2 4,16,1000,1200,1143.75,125,129,126.69,,
"Greenville, IL",4/6/2019,Slaughter Heifers,Live,Choice 2 4,2,1000,1200,1052.5,122,124,122.99,Low Dressing,
"Greenville, IL",4/6/2019,Slaughter Heifers,Live,Select and Choice 2 3,4,1000,1200,1080,100,120,112.86,,
"Greenville, IL",4/20/2019,Slaughter Heifers,Live,Choice 2 4,3,1200,1400,1268.33,121,122,121.66,Low Dressing,
"Greenville, IL",4/20/2019,Slaughter Heifers,Live,Select and Choice 2 3,2,1200,1400,1220,124,125,124.5,,
"Greenville, IL",4/20/2019,Slaughter Heifers,Live,Select 1 2,4,1000,1100,1048.75,75,88,83.34,,
"Greenville, IL",4/20/2019,Slaughter Heifers,Live,Choice 2 4,2,1000,1200,1180,115,124,119.52,Low Dressing,
"Greenville, IL",4/20/2019,Slaughter Heifers,Live,Choice 2 4,28,1000,1200,1135.54,126,132,129,,
"Greenville, IL",4/20/2019,Slaughter Heifers,Live,Choice 2 4,5,1000,1200,1165,133,134,133.2,High Dressing,
"Greenville, IL",4/20/2019,Slaughter Heifers,Live,Select and Choice 2 3,3,1000,1200,1080,107,124,117.13,,
"Greenville, IL",4/20/2019,Slaughter Heifers,Live,Choice 2 4,34,1200,1400,1281.47,127,132,129.62,,
"Greenville, IL",4/20/2019,Slaughter Heifers,Live,Choice 2 4,9,1200,1400,1281.67,133,135,134.22,High Dressing,
"Greenville, IL",5/4/2019,Slaughter Heifers,Live,Select and Choice 2 3,3,1000,1200,1116.67,107,123,117.4,,
"Greenville, IL",5/4/2019,Slaughter Heifers,Live,Choice 2 4,4,1200,1400,1328.75,131,131,131,High Dressing,
"Greenville, IL",5/4/2019,Slaughter Heifers,Live,Choice 2 4,2,1200,1400,1292.5,120,123,121.59,Low Dressing,
"Greenville, IL",5/4/2019,Slaughter Heifers,Live,Choice 2 4,6,1000,1200,1090.83,120,124,122.15,Low Dressing,
"Greenville, IL",5/4/2019,Slaughter Heifers,Live,Choice 2 4,57,1200,1400,1263.25,124,130,127.59,,
"Greenville, IL",5/4/2019,Slaughter Heifers,Live,Select and Choice 2 3,2,900,1000,975,119,121,120.01,,
"Greenville, IL",5/4/2019,Slaughter Heifers,Live,Select and Choice 2 3,1,1200,1400,1220,105,105,105,,
"Greenville, IL",5/4/2019,Slaughter Heifers,Live,Choice 2 4,68,1000,1200,1134.91,124,130,126.41,,
"Greenville, IL",5/11/2019,Slaughter Heifers,Live,Choice 2 4,2,1000,1200,1127.5,115,116,115.49,Low Dressing,
"Greenville, IL",5/11/2019,Slaughter Heifers,Live,Choice 2 4,1,1200,1400,1345,110,110,110,Low Dressing,
"Greenville, IL",5/11/2019,Slaughter Heifers,Live,Choice 2 4,67,1200,1400,1273.36,120,126,124.28,,
"Greenville, IL",5/11/2019,Slaughter Heifers,Live,Choice 2 4,7,1200,1400,1272.14,127,130,127.6,High Dressing,
"Greenville, IL",5/11/2019,Slaughter Heifers,Live,Choice 2 4,18,1000,1200,1139.67,120,126,123.56,,
"Greenville, IL",5/18/2019,Slaughter Heifers,Live,Select and Choice 2 3,3,1000,1200,1025,110,117,113.04,,
"Greenville, IL",5/18/2019,Slaughter Heifers,Live,Choice 2 4,28,1000,1200,1129.11,118,124,120.23,,
"Greenville, IL",5/18/2019,Slaughter Heifers,Live,Choice 2 4,5,1000,1200,1081,113,117,115.61,Low Dressing,
"Greenville, IL",5/18/2019,Slaughter Heifers,Live,Choice 2 4,4,1200,1400,1308.75,111,117,114.48,Low Dressing,
"Greenville, IL",5/18/2019,Slaughter Heifers,Live,Select and Choice 2 3,2,1200,1400,1275,106,116,110.75,,
"Greenville, IL",5/18/2019,Slaughter Heifers,Live,Choice 2 4,1,1200,1400,1210,130,130,130,High Dressing,
"Greenville, IL",5/18/2019,Slaughter Heifers,Live,Choice 2 4,24,1200,1400,1265.42,118,124,121.59,,
Location,Report Date,Class Description,Selling Basis Description,Grade Description,Head Count,Weight Range Low,Weight Range High,Weighted Average,Price Low,Price High,Average Price,Comments,Pricing Point
"Reels, IL",2/23/2019,Slaughter Heifers,Live,Choice 2 4,2,1000,1200,1140,115,124,119.4,Low Dressing,
"Reels, IL",2/23/2019,Slaughter Heifers,Live,Choice 2 4,6,1200,1400,1340,126,131.5,127.94,,
"Reels, IL",2/23/2019,Slaughter Heifers,Live,Choice 2 4,7,1200,1400,1312.14,110,124.5,120.82,Low Dressing,
Location,Report Date,Class Description,Selling Basis Description,Grade Description,Head Count,Weight Range Low,Weight Range High,Weighted Average,Price Low,Price High,Average Price,Comments,Pricing Point
"Rushville, IL",1/12/2019,Slaughter Heifers,Live,Choice 2 4,15,1000,1200,1120.53,115,120.75,117.14,,
"Rushville, IL",1/12/2019,Slaughter Heifers,Live,Choice 2 4,9,1200,1400,1302.22,122.5,124.5,123.07,High Dressing,
"Rushville, IL",1/12/2019,Slaughter Heifers,Live,Choice 2 4,23,1200,1400,1267,115,121,118.38,,
"Rushville, IL",1/12/2019,Slaughter Heifers,Live,Select and Choice 2 3,3,1000,1200,1056.67,110,111,110.67,,
"Rushville, IL",1/12/2019,Slaughter Heifers,Live,Choice 2 4,1,1200,1400,1300,112,112,112,Low Dressing,
Location,Report Date,Class Description,Selling Basis Description,Grade Description,Head Count,Weight Range Low,Weight Range High,Weighted Average,Price Low,Price High,Average Price,Comments,Pricing Point
"Walnut Livestock Auction, IL",1/5/2019,Slaughter Heifers,Live,Choice 2 4,1,900,1000,985,116,116,116,,
"Walnut Livestock Auction, IL",1/5/2019,Slaughter Heifers,Live,Select and Choice 2 3,1,1000,1200,1000,108,108,108,,
"Walnut Livestock Auction, IL",1/5/2019,Slaughter Heifers,Live,Choice 2 4,36,1200,1400,1244.53,115,119.75,118.63,,
"Walnut Livestock Auction, IL",1/5/2019,Slaughter Heifers,Live,Choice 2 4,22,1000,1200,1144.41,116,121,119.72,,
"Walnut Livestock Auction, IL",1/5/2019,Slaughter Heifers,Live,Choice 2 4,8,1000,1200,1082,102,113,109.69,Low Dressing,
"Walnut Livestock Auction, IL",1/5/2019,Slaughter Heifers,Live,Choice 2 4,2,1200,1400,1307.5,110,112,110.98,Low Dressing,
"Walnut Livestock Auction, IL",1/5/2019,Slaughter Heifers,Live,Select and Choice 2 3,1,900,1000,935,104,104,104,,
"Walnut Livestock Auction, IL",1/12/2019,Slaughter Heifers,Live,Choice 2 4,1,900,1000,985,118.5,118.5,118.5,,
"Walnut Livestock Auction, IL",1/12/2019,Slaughter Heifers,Live,Choice 2 4,8,1000,1200,1156.5,118.5,119.25,118.89,,
"Walnut Livestock Auction, IL",1/12/2019,Slaughter Heifers,Live,Choice 2 4,22,1200,1400,1257.14,118,123,119.59,,
"Walnut Livestock Auction, IL",1/12/2019,Slaughter Heifers,Live,Select and Choice 2 3,3,1000,1200,1010,114.5,114.5,114.5,,
"Walnut Livestock Auction, IL",1/19/2019,Slaughter Heifers,Live,Select and Choice 2 3,3,1000,1200,1090,109,117.5,114.69,,
"Walnut Livestock Auction, IL",1/19/2019,Slaughter Heifers,Live,Select and Choice 2 3,1,1200,1400,1350,105,105,105,,
"Walnut Livestock Auction, IL",1/19/2019,Slaughter Heifers,Live,Choice 2 4,25,1200,1400,1364.64,122.25,128,126.09,,
"Walnut Livestock Auction, IL",1/19/2019,Slaughter Heifers,Live,Choice 2 4,5,1000,1200,1182,123.5,123.5,123.5,,
"Walnut Livestock Auction, IL",3/9/2019,Slaughter Heifers,Live,Choice 2 4,12,1200,1400,1246,126,126.5,126.25,,
"Walnut Livestock Auction, IL",3/9/2019,Slaughter Heifers,Live,Select 1 2,1,1000,1100,1080,85,85,85,,
"Walnut Livestock Auction, IL",3/9/2019,Slaughter Heifers,Live,Select and Choice 2 3,5,900,1000,942,101,113,103.42,,
"Walnut Livestock Auction, IL",3/9/2019,Slaughter Heifers,Live,Select and Choice 2 3,11,1000,1200,1029,103,114,107.44,,
"Walnut Livestock Auction, IL",3/9/2019,Slaughter Heifers,Live,Choice 2 4,2,1000,1200,1102.5,118,122,120.11,Low Dressing,
"Walnut Livestock Auction, IL",3/9/2019,Slaughter Heifers,Live,Choice 2 4,2,1200,1400,1357.5,121,122,121.51,Low Dressing,
"Walnut Livestock Auction, IL",3/9/2019,Slaughter Heifers,Live,Choice 2 4,9,1000,1200,1160.11,125,128.5,128.04,,
"Walnut Livestock Auction, IL",3/23/2019,Slaughter Heifers,Live,Choice 2 4,9,1200,1400,1349.56,105,122.5,116.78,Low Dressing,
"Walnut Livestock Auction, IL",3/23/2019,Slaughter Heifers,Live,Choice 2 4,5,1200,1400,1286,125,128,126.65,,
"Walnut Livestock Auction, IL",3/23/2019,Slaughter Heifers,Live,Select and Choice 2 3,3,1200,1400,1268.33,101,123,115.2,,
"Walnut Livestock Auction, IL",3/23/2019,Slaughter Heifers,Live,Select 1 2,1,1000,1100,1045,95,95,95,,
"Walnut Livestock Auction, IL",4/6/2019,Slaughter Heifers,Live,Select and Choice 2 3,5,1000,1200,1107.2,121,122,121.8,,
"Walnut Livestock Auction, IL",4/6/2019,Slaughter Heifers,Live,Choice 2 4,6,1200,1400,1282,124.25,126,124.8,,
"Walnut Livestock Auction, IL",4/6/2019,Slaughter Heifers,Live,Choice 2 4,3,1000,1200,1147,121,121,121,Low Dressing,
"Walnut Livestock Auction, IL",4/6/2019,Slaughter Heifers,Live,Choice 2 4,5,1000,1200,1158,125,128,125.81,,
"Walnut Livestock Auction, IL",4/20/2019,Slaughter Heifers,Live,Choice 2 4,13,1200,1400,1301.23,126,132.5,129.19,,
"Walnut Livestock Auction, IL",4/20/2019,Slaughter Heifers,Live,Choice 2 4,1,1200,1400,1295,133,133,133,High Dressing,
"Walnut Livestock Auction, IL",4/20/2019,Slaughter Heifers,Live,Choice 2 4,4,1000,1200,1165,126.75,126.75,126.75,,
"Walnut Livestock Auction, IL",4/20/2019,Slaughter Heifers,Live,Select 1 2,1,1200,1300,1275,81,81,81,,
"Walnut Livestock Auction, IL",4/20/2019,Slaughter Heifers,Live,Choice 2 4,1,1200,1400,1250,118,118,118,Low Dressing,
"Walnut Livestock Auction, IL",4/27/2019,Slaughter Heifers,Live,Choice 2 4,13,1000,1200,1182.62,129,131.75,130.01,,
"Walnut Livestock Auction, IL",4/27/2019,Slaughter Heifers,Live,Choice 2 4,2,1000,1200,1135,111,125.5,117.87,Low Dressing,
"Walnut Livestock Auction, IL",4/27/2019,Slaughter Heifers,Live,Choice 2 4,8,1200,1400,1288.25,121.75,124,123.57,Low Dressing,
"Walnut Livestock Auction, IL",4/27/2019,Slaughter Heifers,Live,Select and Choice 2 3,10,1000,1200,1083.5,115,122.5,119.49,,
"Walnut Livestock Auction, IL",4/27/2019,Slaughter Heifers,Live,Choice 2 4,9,1200,1400,1230,126,130,128.01,,
"Walnut Livestock Auction, IL",5/4/2019,Slaughter Heifers,Live,Select 1 2,1,1100,1200,1120,74,74,74,,
"Walnut Livestock Auction, IL",5/4/2019,Slaughter Heifers,Live,Choice 2 4,10,1000,1200,1145.4,122.5,123,122.65,,
"Walnut Livestock Auction, IL",5/4/2019,Slaughter Heifers,Live,Choice 2 4,8,1200,1400,1319.13,102,119.5,115.8,Low Dressing,
"Walnut Livestock Auction, IL",5/4/2019,Slaughter Heifers,Live,Choice 2 4,4,1200,1400,1314.75,124,125,124.49,,
"Walnut Livestock Auction, IL",5/4/2019,Slaughter Heifers,Live,Select 1 2,1,1000,1100,1005,85,85,85,,
"Walnut Livestock Auction, IL",5/18/2019,Slaughter Heifers,Live,Choice 2 4,7,1000,1200,1150.43,115.5,116.75,116.58,,
"Walnut Livestock Auction, IL",5/18/2019,Slaughter Heifers,Live,Choice 2 4,8,1200,1400,1255.75,113.5,118,115.26,,
Location,Report Date,Class Description,Selling Basis Description,Grade Description,Head Count,Weight Range Low,Weight Range High,Weighted Average,Price Low,Price High,Average Price,Comments,Pricing Point
"Lexington Auction, KY",5/25/2019,Slaughter Heifers,Live,Choice 2 3,1,1300,1500,1400,89,89,89,,
"Lexington Auction, KY",5/25/2019,Slaughter Heifers,Live,Select 2 3,1,1200,1400,1220,70,70,70,,
Location,Report Date,Class Description,Selling Basis Description,Grade Description,Head Count,Weight Range Low,Weight Range High,Weighted Average,Price Low,Price High,Average Price,Comments,Pricing Point
"Stanford, KY",5/25/2019,Slaughter Heifers,Live,Select and Choice 1 2,2,1100,1200,1125,86,86,86,,
Location,Report Date,Class Description,Selling Basis Description,Grade Description,Head Count,Weight Range Low,Weight Range High,Weighted Average,Price Low,Price High,Average Price,Comments,Pricing Point
"Front Royal Graded Slaughter Cattle Sale, VA",1/5/2019,Slaughter Heifers,Live,Choice 2 3,18,1300,1500,1376.67,81,123,113.67,,
"Front Royal Graded Slaughter Cattle Sale, VA",1/5/2019,Slaughter Heifers,Live,Choice 2 3,5,1200,1300,1269,108,118,112.58,,
"Front Royal Graded Slaughter Cattle Sale, VA",1/5/2019,Slaughter Heifers,Live,Choice 2 3,1,1000,1200,1145,110,110,110,,
"Front Royal Graded Slaughter Cattle Sale, VA",1/19/2019,Slaughter Heifers,Live,Choice 2 3,3,1000,1200,1188.33,100,113,105.35,,
"Front Royal Graded Slaughter Cattle Sale, VA",1/19/2019,Slaughter Heifers,Live,Choice 2 3,9,1300,1500,1372.22,107,119,113.28,,
"Front Royal Graded Slaughter Cattle Sale, VA",1/19/2019,Slaughter Heifers,Live,Choice 2 3,6,1200,1300,1277.5,109,115,111.09,,
"Front Royal Graded Slaughter Cattle Sale, VA",2/9/2019,Slaughter Heifers,Live,Choice 2 3,5,1200,1300,1262,114.5,120,117.49,,
"Front Royal Graded Slaughter Cattle Sale, VA",2/9/2019,Slaughter Heifers,Live,Choice 2 3,14,1300,1500,1378.21,111,122.5,116.47,,
"Front Royal Graded Slaughter Cattle Sale, VA",2/23/2019,Slaughter Heifers,Live,Choice 2 3,4,1200,1300,1262.5,110,124,119,,
"Front Royal Graded Slaughter Cattle Sale, VA",2/23/2019,Slaughter Heifers,Live,Choice 2 3,12,1300,1500,1353.33,113,126,120.22,,
"Front Royal Graded Slaughter Cattle Sale, VA",3/9/2019,Slaughter Heifers,Live,Choice 2 3,2,1200,1300,1280,123.75,124.5,124.12,,
"Front Royal Graded Slaughter Cattle Sale, VA",3/9/2019,Slaughter Heifers,Live,Select 2 3,1,1200,1400,1205,103,103,103,,
"Front Royal Graded Slaughter Cattle Sale, VA",3/9/2019,Slaughter Heifers,Live,Select 2 3,4,1000,1200,1082.5,91,100,95.35,,
"Front Royal Graded Slaughter Cattle Sale, VA",3/9/2019,Slaughter Heifers,Live,Choice 2 3,2,1000,1200,1152.5,112,115,113.54,,
"Front Royal Graded Slaughter Cattle Sale, VA",3/9/2019,Slaughter Heifers,Live,Choice 2 3,11,1300,1500,1394,119.25,126,123.67,,
"Front Royal Graded Slaughter Cattle Sale, VA",3/23/2019,Slaughter Heifers,Live,Choice 2 3,2,1200,1300,1250,114,115.5,114.74,,
"Front Royal Graded Slaughter Cattle Sale, VA",3/23/2019,Slaughter Heifers,Live,Choice 2 3,8,1300,1500,1394.38,119.25,128.5,124.47,,
"Front Royal Graded Slaughter Cattle Sale, VA",3/23/2019,Slaughter Heifers,Live,Choice 2 3,1,1000,1200,1145,112.5,112.5,112.5,,
"Front Royal Graded Slaughter Cattle Sale, VA",4/6/2019,Slaughter Heifers,Live,Choice 2 3,5,1200,1300,1258,108,118,110.84,,
"Front Royal Graded Slaughter Cattle Sale, VA",4/6/2019,Slaughter Heifers,Live,Choice 2 3,2,1000,1200,1137.5,104,113,108.65,,
"Front Royal Graded Slaughter Cattle Sale, VA",4/6/2019,Slaughter Heifers,Live,Select 2 3,1,1200,1400,1255,98,98,98,,
"Front Royal Graded Slaughter Cattle Sale, VA",4/6/2019,Slaughter Heifers,Live,Choice 2 3,11,1300,1500,1366.36,104,130,119.99,,
"Front Royal Graded Slaughter Cattle Sale, VA",4/20/2019,Slaughter Heifers,Live,Choice 2 3,1,1300,1500,1455,120.5,120.5,120.5,,
"Front Royal Graded Slaughter Cattle Sale, VA",5/4/2019,Slaughter Heifers,Live,Choice 2 3,10,1300,1500,1414.5,109,121,116.88,,
"Front Royal Graded Slaughter Cattle Sale, VA",5/4/2019,Slaughter Heifers,Live,Choice 2 3,5,1200,1300,1226,110,116,114.13,,
"Front Royal Graded Slaughter Cattle Sale, VA",5/18/2019,Slaughter Heifers,Live,Choice 2 3,4,1300,1500,1382.5,106,117.5,112.52,,
"Front Royal Graded Slaughter Cattle Sale, VA",6/8/2019,Slaughter Heifers,Live,Choice 2 3,3,1200,1300,1255,109,115,112.72,,
"Front Royal Graded Slaughter Cattle Sale, VA",6/8/2019,Slaughter Heifers,Live,Choice 2 3,2,1000,1200,1180,105,106,105.5,,
"Front Royal Graded Slaughter Cattle Sale, VA",6/8/2019,Slaughter Heifers,Live,Choice 2 3,1,1300,1500,1350,109,109,109,,
Location,Report Date,Class Description,Selling Basis Description,Grade Description,Head Count,Weight Range Low,Weight Range High,Weighted Average,Price Low,Price High,Average Price,Comments,Pricing Point
"Staunton Graded Slaughter Cattle Sale, VA",1/19/2019,Slaughter Heifers,Live,Choice 2 3,1,1200,1300,1285,107.5,107.5,107.5,,
"Staunton Graded Slaughter Cattle Sale, VA",1/19/2019,Slaughter Heifers,Live,Choice 2 3,8,1300,1500,1408.13,105,108.5,105.81,,
"Staunton Graded Slaughter Cattle Sale, VA",2/23/2019,Slaughter Heifers,Live,Choice 2 3,3,1200,1300,1254.67,107,112,110.29,,
"Staunton Graded Slaughter Cattle Sale, VA",2/23/2019,Slaughter Heifers,Live,Choice 2 3,17,1300,1500,1309.24,112,115,113.41,,
"Staunton Graded Slaughter Cattle Sale, VA",3/23/2019,Slaughter Heifers,Live,Choice 2 3,1,1000,1200,1190,110,110,110,,
"Staunton Graded Slaughter Cattle Sale, VA",3/23/2019,Slaughter Heifers,Live,Choice 2 3,4,1300,1500,1362,119,119,119,,
"Staunton Graded Slaughter Cattle Sale, VA",4/20/2019,Slaughter Heifers,Live,Choice 2 3,7,1300,1500,1352,115.5,115.5,115.5,,
"Staunton Graded Slaughter Cattle Sale, VA",4/20/2019,Slaughter Heifers,Live,Choice 2 3,1,1000,1200,1190,109,109,109,,
"Staunton Graded Slaughter Cattle Sale, VA",5/25/2019,Slaughter Heifers,Live,Select 2 3,2,1200,1400,1305,85,90,87.66,,
"Staunton Graded Slaughter Cattle Sale, VA",5/25/2019,Slaughter Heifers,Live,Choice 2 3,1,1000,1200,1015,75,75,75,,
"Staunton Graded Slaughter Cattle Sale, VA",5/25/2019,Slaughter Heifers,Live,Choice 2 3,7,1200,1300,1294.14,85,107.25,104.14,,
"Staunton Graded Slaughter Cattle Sale, VA",5/25/2019,Slaughter Heifers,Live,Select 2 3,2,1000,1200,1167,85,85,85,,
